Name,Team,W,L,SV,G,GS,IP,K/9,BB/9,HR/9,BABIP,LOB%,GB%,HR/FB,ERA,FIP,xFIP,WAR,playerid
Chris Sale,Red Sox,17,8,0,32,32,214.1,12.93,1.81,1.01,0.301,78.40%,38.70%,12.10%,2.9,2.45,2.65,7.6,10603
Corey Kluber,Indians,18,4,0,29,29,203.2,11.71,1.59,0.93,0.267,82.60%,44.50%,13.50%,2.25,2.5,2.52,7.2,2429
Max Scherzer,Nationals,16,6,0,31,31,200.2,12.02,2.47,0.99,0.245,80.70%,36.50%,10.80%,2.51,2.9,3.28,6.4,3137
Stephen Strasburg,Nationals,15,4,0,28,28,175.1,10.47,2.41,0.67,0.274,77.90%,46.80%,8.70%,2.52,2.72,3.27,5.9,10131
Luis Severino,Yankees,14,6,0,31,31,193.1,10.71,2.37,0.98,0.272,75.50%,50.60%,14.00%,2.98,3.07,3.04,5.6,15890
Carlos Carrasco,Indians,18,6,0,32,32,200,10.17,2.07,0.95,0.307,78.20%,45.20%,12.40%,3.29,3.1,3.24,5.4,6632
Zack Greinke,Diamondbacks,17,7,0,32,32,202.1,9.56,2,1.11,0.285,75.30%,46.80%,13.40%,3.2,3.31,3.34,4.9,1943
Jimmy Nelson,Brewers,12,6,0,29,29,175.1,10.21,2.46,0.82,0.34,74.40%,50.30%,12.60%,3.49,3.05,3.15,4.8,10547
Aaron Nola,Phillies,12,11,0,27,27,168,9.86,2.63,0.96,0.309,76.80%,49.80%,12.70%,3.54,3.27,3.38,4.5,16149
Chris Archer,Rays,10,12,0,34,34,201,11.15,2.69,1.21,0.325,71.30%,42.00%,14.10%,4.07,3.4,3.35,4.5,6345
James Paxton,Mariners,12,5,0,24,24,136,10.32,2.45,0.6,0.3,75.50%,44.90%,7.80%,2.98,2.61,3.25,4.4,11828
Clayton Kershaw,Dodgers,18,4,0,27,27,175,10.39,1.54,1.18,0.267,87.40%,47.90%,15.90%,2.31,3.07,2.84,4.3,2036
Justin Verlander,- - -,15,8,0,33,33,206,9.57,3.15,1.18,0.271,79.70%,33.50%,11.50%,3.36,3.84,4.17,4.2,8700
Jacob deGrom,Mets,15,10,0,31,31,201.1,10.68,2.64,1.25,0.305,76.30%,45.30%,16.10%,3.53,3.5,3.23,4.1,10954
Jose Quintana,- - -,11,11,0,32,32,188.2,9.87,2.91,1.1,0.301,71.40%,44.80%,13.20%,4.15,3.68,3.73,4,11423
Gio Gonzalez,Nationals,15,9,0,32,32,201,8.42,3.54,0.94,0.258,81.60%,45.80%,11.10%,2.96,3.93,4.24,3.8,7448
Jeff Samardzija,Giants,9,15,0,32,32,207.2,8.88,1.39,1.3,0.303,67.50%,41.50%,13.80%,4.42,3.61,3.6,3.7,3254
Yu Darvish,- - -,10,12,0,31,31,186.2,10.08,2.8,1.3,0.283,75.60%,40.70%,15.10%,3.86,3.83,3.65,3.7,13074
Michael Fulmer,Tigers,10,12,0,25,25,164.2,6.23,2.19,0.71,0.273,65.60%,49.20%,8.80%,3.83,3.67,4.24,3.6,13218
Danny Duffy,Royals,9,10,0,24,24,146.1,8,2.52,0.8,0.309,71.30%,39.50%,7.60%,3.81,3.46,4.39,3.6,3542
Zack Godley,Diamondbacks,8,9,0,26,25,155,9.58,3.08,0.87,0.28,75.20%,55.30%,14.70%,3.37,3.41,3.32,3.5,14862
Kenley Jansen,Dodgers,5,0,41,65,0,68.1,14.36,0.92,0.66,0.289,91.30%,38.40%,8.90%,1.32,1.31,1.82,3.4,3096
Gerrit Cole,Pirates,12,12,0,33,33,203,8.69,2.44,1.37,0.298,74.60%,45.80%,15.90%,4.26,4.08,3.81,3.4,13125
Marcus Stroman,Blue Jays,13,9,0,33,33,201,7.34,2.78,0.94,0.31,78.10%,62.10%,17.80%,3.09,3.9,3.58,3.4,13431
Jon Gray,Rockies,10,4,0,20,20,110.1,9.14,2.45,0.82,0.336,74.80%,48.90%,11.10%,3.67,3.18,3.45,3.3,14916
Robbie Ray,Diamondbacks,15,5,0,28,28,162,12.11,3.94,1.28,0.267,84.50%,40.30%,15.60%,2.89,3.72,3.49,3.3,11486
Brad Peacock,Astros,13,2,0,34,21,132,10.98,3.89,0.68,0.286,78.10%,43.70%,8.20%,3,3.07,3.73,3.2,5401
Craig Kimbrel,Red Sox,5,0,35,67,0,69,16.43,1.83,0.78,0.26,93.90%,37.00%,12.80%,1.43,1.42,1.5,3.2,6655
Carlos Martinez,Cardinals,12,11,0,32,32,205,9.53,3.12,1.19,0.284,74.90%,51.30%,16.40%,3.64,3.91,3.63,3.2,11682
Jameson Taillon,Pirates,8,7,0,25,25,133.2,8.42,3.1,0.74,0.352,71.30%,47.30%,9.90%,4.44,3.48,3.89,3.2,11674
Chase Anderson,Brewers,12,4,0,25,25,141.1,8.47,2.61,0.89,0.265,80.60%,39.20%,8.60%,2.74,3.58,4.33,3.2,6895
Alex Wood,Dodgers,16,3,0,27,25,152.1,8.92,2.25,0.89,0.267,80.10%,53.00%,13.50%,2.72,3.32,3.34,3.1,13781
Michael Wacha,Cardinals,12,9,0,30,30,165.2,8.58,2.99,0.92,0.327,71.50%,48.00%,11.60%,4.13,3.63,3.88,3.1,14078
Charlie Morton,Astros,14,7,0,25,25,146.2,10,3.07,0.86,0.294,73.00%,51.80%,12.50%,3.62,3.46,3.58,3.1,4676
Patrick Corbin,Diamondbacks,14,13,0,33,32,189.2,8.45,2.89,1.23,0.326,74.30%,50.40%,15.30%,4.03,4.08,3.89,3,9323
Drew Pomeranz,Red Sox,17,6,0,32,32,173.2,9.02,3.58,0.98,0.31,80.00%,43.20%,11.20%,3.32,3.84,4.15,3,11426
Roberto Osuna,Blue Jays,3,4,39,66,0,64,11.67,1.27,0.42,0.285,59.50%,48.00%,5.80%,3.38,1.74,2.57,2.9,13764
Mike Leake,- - -,10,13,0,31,31,186,6.29,1.79,0.97,0.309,70.30%,53.70%,13.60%,3.92,3.9,3.91,2.9,10130
Jon Lester,Cubs,13,8,0,32,32,180.2,8.97,2.99,1.3,0.31,68.70%,46.20%,15.80%,4.33,4.1,3.85,2.9,4930
J.A. Happ,Blue Jays,10,11,0,25,25,145.1,8.79,2.85,1.11,0.302,76.60%,46.90%,12.30%,3.53,3.76,3.94,2.9,7410
Lance McCullers Jr.,Astros,7,4,0,22,22,118.2,10.01,3.03,0.61,0.33,67.60%,61.30%,12.70%,4.25,3.1,3.17,2.8,14120
Trevor Bauer,Indians,17,9,0,32,31,176.1,10,3.06,1.28,0.337,76.80%,46.40%,16.10%,4.19,3.88,3.6,2.8,12703
Dylan Bundy,Orioles,13,9,0,28,28,169.2,8.06,2.71,1.38,0.273,73.70%,32.80%,11.50%,4.24,4.38,4.77,2.8,12917
Corey Knebel,Brewers,1,4,39,76,0,76,14.92,4.74,0.71,0.311,91.90%,38.30%,9.50%,1.78,2.53,2.97,2.8,15010
Tanner Roark,Nationals,13,11,0,32,30,181.1,8.24,3.18,1.14,0.3,66.30%,48.20%,13.50%,4.67,4.13,4.15,2.8,8753
Sonny Gray,- - -,10,12,0,27,27,162.1,8.48,3.16,1.05,0.269,69.60%,52.80%,15.10%,3.55,3.9,3.76,2.7,12768
Jose Berrios,Twins,14,8,0,26,25,145.2,8.59,2.97,0.93,0.289,70.80%,39.00%,9.10%,3.89,3.84,4.51,2.7,14168
Zach Davies,Brewers,17,9,0,33,33,191.1,5.83,2.59,0.94,0.302,74.20%,50.20%,12.00%,3.9,4.22,4.42,2.7,13183
Ervin Santana,Twins,16,8,0,33,33,211.1,7.11,2.6,1.32,0.245,79.50%,41.20%,11.80%,3.28,4.46,4.77,2.7,3200
Masahiro Tanaka,Yankees,13,12,0,30,30,178.1,9.79,2.07,1.77,0.305,71.50%,49.20%,21.20%,4.74,4.34,3.44,2.6,15764
Kevin Gausman,Orioles,11,12,0,34,34,186.2,8.63,3.42,1.4,0.336,76.00%,42.70%,14.80%,4.68,4.48,4.33,2.6,14107
Pat Neshek,- - -,5,3,1,71,0,62.1,9.96,0.87,0.43,0.287,82.30%,36.40%,4.20%,1.59,1.86,3.26,2.6,4682
Marco Estrada,Blue Jays,10,9,0,33,33,186,8.52,3.44,1.5,0.295,71.90%,30.30%,11.20%,4.98,4.61,5.09,2.6,1118
Jordan Montgomery,Yankees,9,7,0,29,29,155.1,8.34,2.95,1.22,0.275,73.80%,40.70%,11.20%,3.88,4.07,4.45,2.6,16511
Jake Arrieta,Cubs,14,10,0,30,30,168.1,8.71,2.94,1.23,0.279,72.80%,45.10%,14.00%,3.53,4.16,4.11,2.5,4153
Trevor Williams,Pirates,7,9,0,31,25,150.1,7,3.11,0.84,0.291,71.40%,48.00%,9.90%,4.07,4.03,4.49,2.5,16977
Kyle Hendricks,Cubs,7,5,0,24,24,139.2,7.93,2.58,1.1,0.281,82.50%,50.10%,14.80%,3.03,3.88,3.76,2.5,12049
Taijuan Walker,Diamondbacks,9,9,0,28,28,157.1,8.35,3.49,0.97,0.29,73.10%,48.90%,11.30%,3.49,4.04,4.34,2.5,11836
German Marquez,Rockies,11,7,0,29,29,162,8.17,2.72,1.39,0.316,76.00%,45.20%,15.40%,4.39,4.4,4.18,2.5,15038
Chad Green,Yankees,5,0,0,40,1,69,13.43,2.22,0.52,0.236,82.30%,26.40%,6.70%,1.83,1.75,2.55,2.4,15552
Jhoulys Chacin,Padres,13,10,0,32,32,180.1,7.64,3.59,0.95,0.272,74.40%,49.10%,11.40%,3.89,4.26,4.54,2.3,2608
Jason Hammel,Royals,8,13,0,32,32,180.1,7.24,2.4,1.3,0.318,68.40%,38.00%,10.60%,5.29,4.37,4.92,2.3,4538
Rich Hill,Dodgers,12,8,0,25,25,135.2,11.01,3.25,1.19,0.261,80.40%,36.90%,12.50%,3.32,3.72,3.88,2.3,4806
Felipe Vazquez,Pirates,5,3,21,73,0,75.1,10.51,2.39,0.48,0.234,79.50%,52.90%,7.50%,1.67,2.47,3.03,2.3,12076
Andrew Miller,Indians,4,3,2,57,0,62.2,13.64,3.02,0.43,0.233,87.10%,39.50%,7.00%,1.44,1.99,2.59,2.3,6785
Dallas Keuchel,Astros,14,5,0,23,23,145.2,7.72,2.9,0.93,0.256,79.90%,66.80%,21.10%,2.9,3.79,3.32,2.3,9434
Alex Cobb,Rays,12,10,0,29,29,179.1,6.42,2.21,1.1,0.282,75.70%,47.80%,13.00%,3.66,4.16,4.24,2.2,6562
Andrew Cashner,Rangers,11,11,0,28,28,166.2,4.64,3.46,0.81,0.266,74.00%,48.60%,8.60%,3.4,4.61,5.3,2.2,8782
Ivan Nova,Pirates,11,14,0,31,31,187,6.3,1.73,1.4,0.299,73.00%,45.70%,15.80%,4.14,4.46,4.19,2.2,1994
Martin Perez,Rangers,13,12,0,32,32,185,5.59,3.06,1.12,0.328,70.60%,47.30%,13.30%,4.82,4.65,4.7,2.2,6902
Mike Minor,Royals,6,6,6,65,0,77.2,10.2,2.55,0.58,0.272,78.10%,42.40%,6.30%,2.55,2.62,3.59,2.2,10021
Chad Kuhl,Pirates,8,11,0,31,31,157.1,8.12,4.12,0.97,0.321,73.20%,41.90%,10.80%,4.35,4.24,4.61,2.2,14975
Sean Manaea,Athletics,12,10,0,29,29,158.2,7.94,3.12,1.02,0.318,69.60%,44.10%,10.60%,4.37,4.1,4.53,2.2,15873
Anthony Swarzak,- - -,6,4,2,70,0,77.1,10.59,2.56,0.7,0.286,82.90%,43.90%,7.90%,2.33,2.74,3.48,2.2,7466
Clayton Richard,Padres,8,15,0,32,32,197.1,6.89,2.69,1.09,0.351,70.60%,59.20%,19.40%,4.79,4.23,3.76,2.2,3551
Brandon McCarthy,Dodgers,6,4,0,19,16,92.2,6.99,2.62,0.49,0.303,67.90%,42.00%,5.40%,3.98,3.28,4.34,2.2,4662
Danny Salazar,Indians,5,6,0,23,19,103,12.67,3.84,1.22,0.343,74.10%,39.20%,16.10%,4.28,3.48,3.21,2.2,5867
Tommy Kahnle,- - -,2,4,0,69,0,62.2,13.79,2.44,0.57,0.358,78.30%,40.70%,7.50%,2.59,1.83,2.51,2.1,11384
Mike Clevinger,Indians,12,6,0,27,21,121.2,10.13,4.44,0.96,0.273,79.70%,39.50%,11.90%,3.11,3.85,4.05,2.1,12808
Josh Tomlin,Indians,10,9,0,26,26,141,6.96,0.89,1.47,0.329,68.50%,39.60%,13.70%,4.98,4.12,4.11,2.1,9388
Matthew Boyd,Tigers,6,11,0,26,25,135,7.33,3.53,1.2,0.33,68.70%,38.10%,10.60%,5.27,4.51,5.01,2.1,15440
Yusmeiro Petit,Angels,5,2,4,60,1,91.1,9.95,1.77,0.89,0.267,74.30%,32.90%,8.00%,2.76,2.85,3.77,2.1,4020
Archie Bradley,Diamondbacks,3,3,1,63,0,73,9.74,2.59,0.49,0.276,88.20%,47.80%,7.40%,1.73,2.61,3.21,2,12918
Kyle Freeland,Rockies,11,11,0,33,28,156,6.17,3.63,0.98,0.308,74.90%,53.90%,12.50%,4.1,4.57,4.7,2,16256
Rick Porcello,Red Sox,11,17,0,33,33,203.1,8.01,2.12,1.68,0.324,69.70%,39.20%,14.70%,4.65,4.6,4.43,2,2717
Jerad Eickhoff,Phillies,4,8,0,24,24,128,8.3,3.73,1.13,0.328,71.00%,37.60%,10.20%,4.71,4.3,4.86,2,12664
Dan Straily,Marlins,10,9,0,33,33,181.2,8.42,2.97,1.54,0.288,76.40%,34.20%,13.00%,4.26,4.58,4.7,2,9460
Eduardo Rodriguez,Red Sox,6,7,0,25,24,137.1,9.83,3.28,1.25,0.299,74.50%,34.90%,11.80%,4.19,3.97,4.26,2,13164
Jaime Garcia,- - -,5,10,0,27,27,157,7.39,3.67,1.03,0.302,69.10%,54.80%,14.30%,4.41,4.25,4.18,1.9,8137
Ryan Madson,- - -,5,4,2,60,0,59,10.22,1.37,0.31,0.263,80.90%,54.70%,6.90%,1.83,1.99,2.42,1.9,1852
Raisel Iglesias,Reds,3,3,28,63,0,76,10.89,3.2,0.59,0.287,80.80%,42.20%,8.30%,2.49,2.7,3.25,1.9,17130
Luis Castillo,Reds,3,7,0,15,15,89.1,9.87,3.22,1.11,0.247,80.10%,58.80%,17.20%,3.12,3.74,3.41,1.9,15689
David Robertson,- - -,9,2,14,61,0,68.1,12.91,3.03,0.79,0.216,89.40%,47.10%,11.80%,1.84,2.57,2.76,1.9,8241
Mike Foltynewicz,Braves,10,13,0,29,28,154,8.36,3.45,1.17,0.324,72.40%,39.40%,11.80%,4.79,4.33,4.6,1.8,10811
Joe Smith,- - -,3,0,1,59,0,54,11.83,1.67,0.67,0.328,72.00%,49.60%,10.50%,3.33,2.1,2.39,1.8,3281
Jason Vargas,Royals,18,11,0,32,32,179.2,6.71,2.91,1.35,0.289,77.60%,40.30%,12.10%,4.16,4.67,4.94,1.8,8044
Sean Doolittle,- - -,2,0,24,53,0,51.1,10.87,1.75,0.88,0.242,70.30%,31.50%,8.10%,2.81,2.59,3.47,1.8,1581
Ken Giles,Astros,1,3,34,63,0,62.2,11.92,3.02,0.57,0.29,82.80%,44.00%,7.40%,2.3,2.39,3.09,1.8,12910
Blake Snell,Rays,5,7,0,24,24,129.1,8.28,4.11,1.04,0.277,70.90%,43.90%,11.00%,4.04,4.19,4.56,1.8,13543
Alex Claudio,Rangers,4,2,11,70,1,82.2,6.1,1.63,0.54,0.269,76.50%,66.70%,12.20%,2.5,3.21,3.3,1.8,12890
CC Sabathia,Yankees,14,5,0,27,27,148.2,7.26,3.03,1.27,0.276,79.00%,49.90%,17.20%,3.69,4.49,4.11,1.8,404
Cole Hamels,Rangers,11,6,0,24,24,148,6.39,3.22,1.09,0.251,70.20%,47.50%,12.10%,4.2,4.62,4.83,1.7,4972
Nick Vincent,Mariners,3,3,0,69,0,64.2,6.96,1.81,0.42,0.301,73.50%,31.30%,3.30%,3.2,2.82,4.75,1.7,7555
Joakim Soria,Royals,4,3,1,59,0,56,10.29,3.21,0.16,0.329,67.10%,54.80%,2.90%,3.7,2.23,3.08,1.7,6941
Kenta Maeda,Dodgers,13,6,1,29,25,134.1,9.38,2.28,1.47,0.278,71.20%,38.10%,15.00%,4.22,4.07,3.89,1.7,18498
Luis Perdomo,Padres,8,11,0,29,29,163.2,6.49,3.57,0.93,0.325,68.30%,61.80%,15.60%,4.67,4.4,4.24,1.7,14682
Brad Hand,Padres,3,4,21,72,0,79.1,11.8,2.27,1.02,0.263,89.20%,46.30%,15.00%,2.16,3.03,2.9,1.7,9111
Seth Lugo,Mets,7,5,0,19,18,101.1,7.55,2.22,1.15,0.325,68.40%,42.30%,12.00%,4.71,3.95,4.18,1.6,12447
Madison Bumgarner,Giants,4,9,0,17,17,111,8.19,1.62,1.38,0.272,82.80%,40.80%,12.90%,3.32,3.95,4.07,1.6,5524
Trevor Rosenthal,Cardinals,3,4,11,50,0,47.2,14.35,3.78,0.57,0.337,71.20%,40.80%,9.40%,3.4,2.17,2.55,1.6,10745
Brandon Morrow,Dodgers,6,0,2,45,0,43.2,10.31,1.85,0,0.282,75.60%,45.00%,0.00%,2.06,1.55,2.94,1.6,9346
Juan Nicasio,- - -,5,5,6,76,0,72.1,8.96,2.49,0.62,0.276,79.50%,45.60%,7.90%,2.61,2.98,3.63,1.6,7731
Blake Parker,Angels,3,3,8,71,0,67.1,11.5,2.14,0.94,0.229,78.40%,47.00%,13.50%,2.54,2.71,2.73,1.5,5224
R.A. Dickey,Braves,10,10,0,31,31,190,6.44,3.17,1.23,0.29,73.20%,46.90%,13.20%,4.26,4.72,4.79,1.5,1245
Dominic Leone,Blue Jays,3,0,1,65,0,70.1,10.36,2.94,0.77,0.266,79.30%,40.20%,8.20%,2.56,2.94,3.68,1.5,13763
Aroldis Chapman,Yankees,4,3,22,52,0,50.1,12.34,3.58,0.54,0.296,71.70%,48.70%,7.30%,3.22,2.56,3.24,1.5,10233
Brent Suter,Brewers,3,2,0,22,14,81.2,7.05,2.42,0.88,0.306,77.20%,45.20%,10.40%,3.42,3.75,4.15,1.5,13942
Jake McGee,Rockies,0,2,3,62,0,57.1,9.1,2.51,0.63,0.287,70.20%,40.50%,6.50%,3.61,2.93,3.95,1.5,7550
Bryan Shaw,Indians,4,6,3,79,0,76.2,8.57,2.58,0.59,0.311,66.30%,55.90%,10.60%,3.52,2.96,3.2,1.5,8110
Miguel Gonzalez,- - -,8,13,0,27,27,156,5.77,3.17,1.27,0.289,71.00%,36.20%,9.60%,4.62,4.88,5.65,1.5,7024
David Price,Red Sox,6,3,0,16,11,74.2,9.16,2.89,0.96,0.278,77.00%,39.90%,9.80%,3.38,3.64,4.2,1.5,3184
Dinelson Lamet,Padres,7,8,0,21,21,114.1,10.94,4.25,1.42,0.261,69.20%,37.10%,14.80%,4.57,4.35,4.2,1.4,17186
Antonio Senzatela,Rockies,10,5,0,36,20,134.2,6.82,3.14,1.2,0.28,69.60%,50.10%,15.80%,4.68,4.52,4.28,1.4,15488
Adam Wainwright,Cardinals,12,5,0,24,23,123.1,7.01,3.28,1.02,0.326,68.70%,47.20%,12.70%,5.11,4.29,4.4,1.4,2233
Noah Syndergaard,Mets,1,2,0,7,7,30.1,10.09,0.89,0,0.337,57.60%,57.60%,0.00%,2.97,1.31,2.48,1.4,11762
Sal Romano,Reds,5,8,0,16,16,87,7.55,3.83,0.93,0.314,69.50%,50.40%,11.70%,4.45,4.24,4.47,1.4,13690
Cody Allen,Indians,3,7,30,69,0,67.1,12.3,2.81,1.2,0.304,83.10%,33.50%,11.80%,2.94,3.19,3.46,1.4,12183
Joe Biagini,Blue Jays,3,13,1,44,18,119.2,7.3,3.16,1.13,0.305,61.50%,55.70%,15.20%,5.34,4.27,4.11,1.4,13194
Doug Fister,Red Sox,5,9,0,18,15,90.1,8.27,3.79,0.9,0.301,63.30%,50.60%,11.80%,4.88,3.98,4.18,1.4,9425
Daniel Norris,Tigers,5,8,0,22,18,101.2,7.61,3.9,1.06,0.343,68.60%,38.80%,9.50%,5.31,4.39,5.06,1.4,13475
Blake Treinen,- - -,3,6,16,72,0,75.2,8.8,2.97,0.71,0.344,73.80%,58.40%,12.00%,3.93,3.42,3.57,1.4,12572
Luke Weaver,Cardinals,7,2,0,13,10,60.1,10.74,2.54,1.04,0.335,74.40%,49.40%,16.30%,3.88,3.17,2.93,1.4,16918
Fernando Rodney,Diamondbacks,5,4,39,61,0,55.1,10.57,4.23,0.49,0.274,61.10%,52.20%,7.00%,4.23,3.03,3.71,1.3,494
Mike Montgomery,Cubs,7,8,3,44,14,130.2,6.89,3.79,0.69,0.253,75.00%,57.80%,10.60%,3.38,4.07,4.35,1.3,4869
Edubray Ramos,Phillies,2,7,0,59,0,57.2,11.71,4.37,0.62,0.356,70.50%,37.30%,7.40%,4.21,2.91,3.68,1.3,16086
Jake Faria,Rays,5,4,0,16,14,86.2,8.72,3.22,1.14,0.265,78.60%,38.30%,11.70%,3.43,4.12,4.39,1.3,13699
Chris Devenski,Astros,8,5,4,62,0,80.2,11.16,2.9,1.23,0.22,83.10%,39.80%,13.60%,2.68,3.49,3.51,1.3,12763
Luis Garcia,Phillies,2,5,2,66,0,71.1,7.57,3.28,0.38,0.282,78.50%,56.30%,5.70%,2.65,3.12,3.89,1.3,6984
Rafael Montero,Mets,5,11,0,34,18,119,8.62,5.07,0.91,0.366,70.30%,48.10%,10.50%,5.52,4.37,4.76,1.3,12760
Nick Pivetta,Phillies,8,10,0,26,26,133,9.47,3.86,1.69,0.332,67.10%,43.80%,18.20%,6.02,4.87,4.26,1.2,15454
Jesse Hahn,Athletics,3,6,0,14,13,69.2,7.11,3.49,0.52,0.326,60.60%,45.60%,6.10%,5.3,3.62,4.56,1.2,13287
Lance Lynn,Cardinals,11,8,0,33,33,186.1,7.39,3.77,1.3,0.244,79.00%,44.00%,14.20%,3.43,4.82,4.75,1.2,2520
Mychal Givens,Orioles,8,1,0,69,0,78.2,10.07,2.86,1.14,0.251,86.30%,42.60%,12.70%,2.75,3.72,3.85,1.2,10430
Scott Alexander,Royals,5,4,4,58,0,69,7.7,3.65,0.39,0.306,78.10%,73.80%,14.30%,2.48,3.23,3.21,1.2,10591
Dellin Betances,Yankees,3,6,10,66,0,59.2,15.08,6.64,0.45,0.252,80.20%,48.60%,7.50%,2.87,3.22,3.76,1.2,6216
Ty Blach,Giants,8,12,0,34,24,163.2,4.01,2.36,0.93,0.29,66.30%,46.70%,9.60%,4.78,4.42,5.01,1.2,14361
Alex Colome,Rays,2,3,47,65,0,66.2,7.83,3.11,0.54,0.275,72.40%,48.70%,6.20%,3.24,3.37,4.32,1.2,6661
Jordan Zimmermann,Tigers,8,13,0,29,29,160,5.79,2.48,1.63,0.33,67.20%,33.20%,12.50%,6.08,5.18,5.41,1.2,4505
Adam Warren,Yankees,3,2,1,46,0,57.1,8.48,2.35,0.63,0.208,70.50%,43.70%,6.80%,2.35,3.02,3.94,1.2,9029
Randall Delgado,Diamondbacks,1,2,1,26,5,62.2,8.62,2.01,0.86,0.302,65.60%,45.90%,10.50%,3.59,3.16,3.53,1.2,5985
Brad Brach,Orioles,4,5,18,67,0,68,9.26,3.44,0.93,0.256,74.40%,42.40%,10.10%,3.18,3.58,4.05,1.2,6627
Johnny Cueto,Giants,8,8,0,25,25,147.1,8.31,3.24,1.34,0.322,75.70%,39.40%,14.00%,4.52,4.49,4.45,1.2,6893
Tommy Hunter,Rays,3,5,1,61,0,58.2,9.82,2.15,0.92,0.259,80.70%,44.20%,11.80%,2.61,3.07,3.29,1.1,1157
Wade Davis,Cubs,4,2,32,59,0,58.2,12.12,4.3,0.92,0.262,87.70%,40.50%,12.00%,2.3,3.38,3.57,1.1,7441
Hector Neris,Phillies,4,5,26,74,0,74.2,10.37,3.13,1.08,0.306,84.70%,32.70%,10.30%,3.01,3.71,4.21,1.1,11804
Chris Rusin,Rockies,5,1,2,60,0,85,7.52,2.01,0.95,0.277,78.20%,58.50%,15.30%,2.65,3.64,3.5,1.1,9895
Kendall Graveman,Athletics,6,4,0,19,19,105.1,5.98,2.73,1.03,0.313,75.10%,51.20%,12.00%,4.19,4.33,4.54,1.1,15514
Sean Newcomb,Braves,4,9,0,19,19,100,9.72,5.13,0.9,0.327,75.20%,43.80%,10.90%,4.32,4.19,4.52,1.1,16943
Tyler Anderson,Rockies,6,6,0,17,15,86,8.48,2.72,1.67,0.304,72.70%,43.70%,19.50%,4.81,4.67,3.95,1.1,12880
Justin Wilson,- - -,4,4,13,65,0,58,12.41,5.43,0.78,0.276,76.80%,37.40%,8.60%,3.41,3.38,4.04,1.1,4301
Jeff Hoffman,Rockies,6,5,0,23,16,99.1,7.43,3.62,1.36,0.304,65.10%,41.10%,11.80%,5.89,4.8,5.11,1.1,17432
Greg Holland,Rockies,3,6,41,61,0,57.1,10.99,4.08,1.1,0.252,75.20%,41.60%,11.30%,3.61,3.72,4.05,1.1,7196
Tyler Chatwood,Rockies,8,15,1,33,25,147.2,7.31,4.69,1.22,0.283,73.00%,58.10%,22.00%,4.69,4.94,4.27,1.1,4338
Collin McHugh,Astros,5,2,0,12,12,63.1,8.81,2.84,0.99,0.311,77.70%,32.80%,8.60%,3.55,3.82,4.66,1.1,7531
Josh Hader,Brewers,2,3,0,35,0,47.2,12.84,4.15,0.76,0.233,88.10%,34.40%,8.70%,2.08,3.03,3.66,1.1,14212
Brett Cecil,Cardinals,2,4,1,73,0,67.1,8.82,2.14,0.94,0.319,71.00%,42.70%,10.60%,3.88,3.26,3.65,1.1,2660
Erasmo Ramirez,- - -,5,6,1,37,19,131.1,7.47,2.12,1.51,0.269,68.70%,43.30%,14.70%,4.39,4.43,4.28,1,10314
David Hernandez,- - -,3,1,2,64,0,55,8.51,1.47,0.65,0.297,72.50%,43.00%,6.60%,3.11,2.76,3.79,1,4259
Tyler Lyons,Cardinals,4,1,3,50,0,54,11.33,3.33,0.5,0.295,79.30%,41.90%,6.50%,2.83,2.86,3.65,1,11334
Pedro Strop,Cubs,5,4,0,69,0,60.1,9.7,3.88,0.6,0.27,76.00%,59.20%,8.70%,2.83,3.31,3.8,1,4070
Julio Teheran,Braves,11,13,0,32,32,188.1,7.22,3.44,1.48,0.281,73.10%,40.00%,13.70%,4.49,4.95,4.96,1,6797
Ryan Tepera,Blue Jays,7,1,2,73,0,77.2,9.39,3.59,0.81,0.26,70.80%,41.60%,8.80%,3.59,3.75,4.41,1,10291
Michael Pineda,Yankees,8,4,0,17,17,96.1,8.6,1.96,1.87,0.302,72.50%,50.90%,22.50%,4.39,4.66,3.61,1,5372
Luiz Gohara,Braves,1,3,0,5,5,29.1,9.51,2.45,0.61,0.366,61.80%,35.40%,5.60%,4.91,2.75,4.05,1,15166
Kyle Gibson,Twins,12,10,0,29,29,158,6.89,3.42,1.37,0.328,72.30%,50.80%,18.30%,5.07,4.85,4.35,1,10123
JC Ramirez,Angels,11,10,0,27,24,147.1,6.41,2.99,1.28,0.292,75.60%,51.40%,15.20%,4.15,4.71,4.52,1,8302
Carl Edwards Jr.,Cubs,5,4,0,73,0,66.1,12.75,5.16,0.81,0.192,78.30%,44.40%,13.30%,2.98,3.4,3.43,1,13607
Matt Barnes,Red Sox,7,3,1,70,0,69.2,10.72,3.62,0.9,0.298,72.20%,48.90%,14.30%,3.88,3.33,3.27,1,12863
Parker Bridwell,Angels,10,3,0,21,20,121,5.43,2.23,1.41,0.262,79.30%,38.10%,12.30%,3.64,4.84,5.07,1,11502
Adalberto Mejia,Twins,4,7,0,21,21,98,7.81,4.04,1.19,0.328,76.00%,39.30%,11.20%,4.5,4.65,5.03,1,13188
Liam Hendriks,Athletics,4,2,1,70,0,64,10.97,3.23,0.98,0.303,65.50%,41.50%,10.40%,4.22,3.22,3.66,1,3548
Matt Albers,Nationals,7,2,2,63,0,61,9.3,2.51,0.89,0.203,92.40%,51.00%,13.60%,1.62,3.4,3.41,1,4300
Brandon Kintzler,- - -,4,3,29,72,0,71.1,4.92,2.02,0.63,0.271,76.90%,54.90%,8.30%,3.03,3.77,4.36,1,9939
Edwin Diaz,Mariners,4,6,34,66,0,66,12.14,4.36,1.36,0.236,78.50%,39.10%,14.30%,3.27,4.02,3.94,0.9,14710
Jakob Junis,Royals,9,3,0,20,16,98.1,7.32,2.29,1.37,0.294,72.80%,40.10%,12.30%,4.3,4.55,4.77,0.9,13619
Matt Moore,Giants,6,15,0,32,31,174.1,7.64,3.46,1.39,0.32,66.90%,37.70%,11.60%,5.52,4.75,5.1,0.9,1890
Garrett Richards,Angels,0,2,0,6,6,27.2,8.78,2.28,0.33,0.233,72.00%,54.20%,4.80%,2.28,2.43,3.32,0.9,9784
Joe Musgrove,Astros,7,8,2,38,15,109.1,8.07,2.3,1.48,0.315,72.70%,44.90%,16.40%,4.77,4.38,4.03,0.9,12970
Jerry Blevins,Mets,6,0,1,75,0,49,12.67,4.41,0.73,0.336,84.10%,41.00%,8.90%,2.94,3.12,3.69,0.9,7841
Edinson Volquez,Marlins,4,8,0,17,17,92.1,7.9,5.17,0.78,0.278,71.70%,45.80%,9.90%,4.19,4.35,4.78,0.9,3990
Ben Lively,Phillies,4,7,0,15,15,88.2,5.28,2.44,1.32,0.28,74.20%,38.20%,10.40%,4.26,4.97,5.58,0.9,14932
Addison Reed,- - -,2,3,19,77,0,76,9,1.78,1.3,0.266,86.90%,40.80%,12.50%,2.84,3.67,3.85,0.9,10586
Matt Garza,Brewers,6,9,0,24,22,114.2,6.2,3.53,1.33,0.287,66.30%,40.00%,12.30%,4.94,4.91,5.12,0.9,3340
Alex Meyer,Angels,4,5,0,13,13,67.1,10.02,5.61,0.8,0.255,74.80%,46.50%,11.30%,3.74,4.14,4.38,0.9,12833
Wade Miley,Orioles,8,15,0,32,32,157.1,8.12,5.32,1.43,0.332,71.40%,50.30%,19.40%,5.61,5.27,4.66,0.9,8779
Darren O'Day,Orioles,2,3,2,64,0,60.1,11.34,3.58,1.19,0.256,77.50%,47.80%,15.70%,3.43,3.7,3.48,0.8,3321
Keone Kela,Rangers,4,1,2,39,0,38.2,11.87,3.96,0.93,0.179,79.00%,30.50%,8.50%,2.79,3.26,4.08,0.8,14696
Scott Oberg,Rockies,0,1,0,66,0,58.1,8.49,3.7,0.62,0.367,67.50%,57.10%,9.30%,4.94,3.5,3.92,0.8,13911
Brett Anderson,- - -,4,4,0,13,13,55.1,6.18,3.42,0.81,0.364,60.90%,49.20%,11.90%,6.34,4.1,4.27,0.8,8223
Emilio Pagan,Mariners,2,3,0,34,0,50.1,10.01,1.43,1.25,0.258,73.30%,22.30%,9.50%,3.22,3.28,4.08,0.8,14771
Tyler Skaggs,Angels,2,6,0,16,16,85,8.05,2.96,1.38,0.318,73.70%,41.80%,14.10%,4.55,4.56,4.49,0.8,10190
Will Harris,Astros,3,2,2,46,0,45.1,10.32,1.39,1.39,0.27,84.80%,48.30%,17.10%,2.98,3.33,2.94,0.8,3192
Scott Feldman,Reds,7,7,0,21,21,111.1,7.52,2.83,1.7,0.3,74.50%,42.80%,21.40%,4.77,5.04,4.16,0.8,6283
Francisco Liriano,- - -,6,7,0,38,18,97,7.89,4.92,1.02,0.329,65.50%,44.90%,10.80%,5.66,4.64,5.04,0.8,3201
Brian Duensing,Cubs,1,1,0,68,0,62.1,8.81,2.6,0.87,0.306,84.80%,48.60%,10.30%,2.74,3.41,3.82,0.8,4064
Homer Bailey,Reds,6,9,0,18,18,91,6.63,4.15,1.09,0.346,64.80%,44.60%,13.10%,6.43,4.9,4.98,0.8,8362
Hunter Strickland,Giants,4,3,1,68,0,61.1,8.51,4.26,0.59,0.314,82.90%,38.80%,5.10%,2.64,3.63,5.07,0.8,7836
Trevor Hildenberger,Twins,3,3,1,37,0,42,9.43,1.29,0.86,0.304,77.80%,58.80%,14.80%,3.21,3.01,2.92,0.8,17002
Jose Alvarado,Rays,0,3,0,35,0,29.2,8.8,2.73,0.3,0.274,66.50%,53.70%,4.00%,3.64,2.55,3.61,0.7,17780
Shane Greene,Tigers,4,3,9,71,0,67.2,9.71,4.52,0.8,0.265,84.20%,47.40%,10.20%,2.66,3.84,4.24,0.7,10756
Michael Lorenzen,Reds,8,4,2,70,0,83,8.67,3.69,0.98,0.295,70.60%,54.60%,15.00%,4.45,4.01,3.89,0.7,14843
Blake Wood,- - -,3,4,0,72,0,74.1,10.17,4,0.97,0.369,64.60%,52.10%,15.10%,5.45,3.67,3.54,0.7,1345
Matt Bush,Rangers,3,4,10,57,0,52.1,9.97,3.27,1.2,0.329,71.20%,37.30%,10.30%,3.78,4,4.57,0.7,1246
Brandon Maurer,- - -,3,6,22,68,0,59.1,8.95,2.88,1.21,0.361,61.10%,38.50%,12.10%,6.52,3.93,4.16,0.7,4878
Matt Bowman,Cardinals,3,6,2,75,0,58.2,7.06,2.76,0.61,0.276,66.30%,54.60%,8.00%,3.99,3.65,4.28,0.7,13528
Joe Kelly,Red Sox,4,1,0,54,0,58,8.07,4.19,0.47,0.252,77.50%,50.60%,7.30%,2.79,3.49,4.07,0.7,9761
Sam Freeman,Braves,2,0,0,58,0,60,8.85,4.05,0.45,0.278,80.00%,58.50%,7.00%,2.55,3.34,3.97,0.7,6832
Steve Cishek,- - -,3,2,1,49,0,44.2,8.26,2.82,0.6,0.204,85.10%,56.10%,10.00%,2.01,3.34,3.66,0.7,6483
Andrew Chafin,Diamondbacks,1,0,0,71,0,51.1,10.69,3.68,0.88,0.326,78.10%,56.30%,16.70%,3.51,3.39,3.16,0.7,12988
Odrisamer Despaigne,Marlins,2,3,1,18,8,58.1,4.78,3.7,0.46,0.28,66.40%,37.60%,4.00%,4.01,4.15,5.77,0.7,16017
Chris Stratton,Giants,4,4,1,13,10,58.2,7.82,4.3,0.77,0.316,77.80%,42.80%,10.00%,3.68,4.01,4.42,0.7,13761
Arodys Vizcaino,Braves,5,3,14,62,0,57.1,10.05,3.3,1.1,0.248,83.30%,38.50%,10.40%,2.83,3.72,4.21,0.7,5498
Chase Whitley,Rays,2,1,2,41,0,57.1,6.75,2.51,0.63,0.256,61.90%,32.80%,5.30%,4.08,3.56,5.01,0.6,10982
Jacob Barnes,Brewers,3,4,2,73,0,72,10,4.13,1,0.272,70.90%,53.30%,16.00%,4,3.88,3.67,0.6,12323
Nick Goody,Indians,1,2,0,56,0,54.2,11.85,3.29,1.15,0.269,80.50%,28.20%,11.70%,2.8,3.45,3.74,0.6,13685
Koda Glover,Nationals,0,1,8,23,0,19.1,7.91,1.86,0.47,0.328,57.50%,44.10%,5.00%,5.12,2.69,3.86,0.6,17695
Tyler Duffey,Twins,2,3,1,56,0,71,8.49,2.28,1.14,0.326,66.70%,49.50%,13.00%,4.94,3.72,3.8,0.6,13758
Zack Britton,Orioles,2,1,15,38,0,37.1,6.99,4.34,0.24,0.336,80.90%,72.60%,11.10%,2.89,3.4,3.48,0.6,3240
Carlos Rodon,White Sox,2,5,0,12,12,69.1,9.87,4.02,1.56,0.297,77.60%,44.10%,19.00%,4.15,4.69,4.05,0.6,16137
Luis Avilan,Dodgers,2,3,0,61,0,46,10.17,4.3,0.39,0.342,78.80%,53.80%,8.00%,2.93,2.96,3.36,0.6,2882
Eddie Butler,Cubs,4,3,0,13,11,54.2,4.94,4.61,0.66,0.266,75.30%,44.30%,6.90%,3.95,4.66,5.59,0.6,13453
Kyle Barraclough,Marlins,6,2,1,66,0,66,10.36,5.18,0.68,0.291,79.10%,43.00%,8.90%,3,3.66,4.18,0.6,13713
Ricky Nolasco,Angels,6,15,0,33,33,181,7.11,2.88,1.74,0.31,75.60%,40.10%,15.60%,4.92,5.1,4.79,0.6,3830
Robert Gsellman,Mets,8,7,0,25,22,119.2,6.17,3.16,1.28,0.303,62.70%,49.30%,14.40%,5.19,4.89,4.79,0.6,13696
Drew Steckenrider,Marlins,1,1,1,37,0,34.2,14.02,4.67,1.04,0.347,82.60%,41.80%,13.30%,2.34,3.1,3.14,0.6,18806
A.J. Minter,Braves,0,1,0,16,0,15,15.6,1.2,0.6,0.387,73.50%,37.50%,7.70%,3,0.96,1.63,0.6,18655
Reynaldo Lopez,White Sox,3,3,0,8,8,47.2,5.66,2.64,1.32,0.271,64.60%,30.20%,9.00%,4.72,4.75,5.75,0.6,16400
Andrew Triggs,Athletics,5,6,0,12,12,65.1,6.89,2.62,1.24,0.294,62.50%,49.80%,13.20%,4.27,4.47,4.53,0.6,13533
Gregory Infante,White Sox,2,1,0,52,0,54.2,8.07,3.29,0.66,0.272,76.90%,36.10%,6.30%,3.13,3.58,4.71,0.6,9119
Cam Bedrosian,Angels,6,5,6,48,0,44.2,10.68,3.43,1.01,0.313,62.80%,42.90%,10.40%,4.43,3.38,3.84,0.6,13360
Paul Blackburn,Athletics,3,1,0,10,10,58.2,3.38,2.45,0.77,0.273,77.90%,56.30%,10.20%,3.22,4.38,4.76,0.6,14739
Koji Uehara,Cubs,3,4,2,49,0,43,10.47,2.51,1.47,0.284,72.10%,24.60%,12.30%,3.98,3.79,4.03,0.6,9227
Paul Sewald,Mets,0,6,0,57,0,65.1,9.51,2.89,1.1,0.287,65.00%,32.20%,9.90%,4.55,3.74,4.35,0.6,13892
Bud Norris,Angels,2,6,19,60,3,62,10.74,3.92,1.16,0.31,76.20%,44.80%,16.00%,4.21,3.9,3.66,0.6,9492
Austin Pruitt,Rays,7,5,1,30,8,83,7.16,2.39,1.19,0.345,65.50%,47.70%,12.50%,5.31,4.27,4.43,0.6,15290
Daniel Mengden,Athletics,3,2,0,7,7,43,6.07,1.88,1.26,0.24,79.20%,39.20%,11.10%,3.14,4.25,4.67,0.6,16980
Aaron Loup,Blue Jays,2,3,0,70,0,57.2,9.99,4.53,0.62,0.34,75.80%,53.50%,9.50%,3.75,3.66,4.05,0.6,10343
John Lackey,Cubs,12,12,0,31,30,170.2,7.86,2.79,1.9,0.268,76.30%,41.20%,18.20%,4.59,5.3,4.62,0.6,1507
David Phelps,- - -,4,5,0,54,0,55.2,10.02,4.2,0.81,0.319,77.50%,45.20%,11.60%,3.4,3.55,3.76,0.6,6316
Tony Barnette,Rangers,2,1,2,50,0,57.1,8.95,3.45,1.1,0.348,66.50%,41.20%,11.30%,5.49,4.01,4.35,0.6,3555
Hyun-Jin Ryu,Dodgers,5,9,1,25,24,126.2,8.24,3.2,1.56,0.299,81.40%,45.10%,18.60%,3.77,4.74,4.14,0.6,14444
Matt Belisle,Twins,2,2,9,62,0,60.1,8.06,3.28,1.04,0.253,65.90%,40.70%,10.90%,4.03,4.07,4.45,0.6,1837
Ross Stripling,Dodgers,3,5,2,49,2,74.1,8.96,2.3,1.21,0.294,77.00%,49.30%,16.70%,3.75,3.68,3.37,0.6,13273
Joe Ross,Nationals,5,3,0,13,13,73.2,8.31,2.44,1.95,0.33,75.10%,37.50%,18.80%,5.01,4.99,4.22,0.5,12972
Oliver Drake,- - -,3,5,1,64,0,56,9.96,4.02,0.96,0.361,71.60%,48.80%,14.30%,4.66,3.68,3.62,0.5,8823
Brandon Woodruff,Brewers,2,3,0,8,8,43,6.7,2.93,1.05,0.292,69.80%,47.40%,11.10%,4.81,4.37,4.72,0.5,16162
Ryan Merritt,Indians,2,0,0,5,4,20.2,3.05,1.74,0,0.333,80.00%,53.80%,0.00%,1.74,3.06,4.44,0.5,13688
Anibal Sanchez,Tigers,3,7,0,28,17,105.1,8.89,2.48,2.22,0.354,67.10%,35.60%,19.30%,6.41,5.33,4.4,0.5,3284
Andrew Albers,Mariners,5,1,1,9,6,41,8.12,2.2,1.32,0.301,70.80%,33.60%,11.80%,3.51,4.13,4.44,0.5,7853
Robert Stephenson,Reds,5,6,1,25,11,84.2,9.14,5.63,1.28,0.3,70.50%,37.50%,12.60%,4.68,4.92,5.07,0.5,13594
Wei-Yin Chen,Marlins,2,1,0,9,5,33,6.82,2.45,0.82,0.234,68.20%,36.60%,7.30%,3.82,3.73,4.76,0.5,13071
Tyler Olson,Indians,1,0,1,30,0,20,8.1,2.7,0,0.25,100.00%,52.90%,0.00%,0,2.41,3.56,0.5,14741
James Hoyt,Astros,1,0,0,43,0,49.1,12.04,2.55,1.28,0.361,75.20%,40.60%,15.20%,4.38,3.3,3.11,0.5,14605
Heath Hembree,Red Sox,2,3,0,62,0,62,10.16,2.61,1.45,0.36,80.50%,38.90%,13.70%,3.63,3.92,3.91,0.5,11632
Anthony Banda,Diamondbacks,2,3,0,8,4,25.2,8.77,3.51,0.35,0.329,58.50%,36.50%,3.30%,5.96,3.24,4.81,0.5,14706
Jonathan Holder,Yankees,1,1,0,37,0,39.1,9.15,1.83,1.14,0.348,79.60%,42.00%,10.60%,3.89,3.62,4.09,0.5,16588
George Kontos,- - -,1,6,1,65,0,66.1,9.5,2.71,1.22,0.291,79.00%,46.70%,14.80%,3.39,3.72,3.59,0.5,9486
Matt Andriese,Rays,5,5,1,18,17,86,7.95,2.93,1.67,0.296,74.30%,44.90%,17.40%,4.5,4.93,4.41,0.5,12022
Brad Ziegler,Marlins,1,4,10,53,0,47,4.98,3.06,0.19,0.346,64.40%,64.20%,4.00%,4.79,3.73,4.4,0.5,7293
Alex Wilson,Tigers,2,5,2,66,0,60,6.3,2.25,1.05,0.311,67.80%,41.60%,10.00%,4.5,4.17,4.73,0.5,9239
Gabriel Ynoa,Orioles,2,3,0,9,4,34.2,6.75,2.08,1.3,0.318,75.60%,38.20%,9.40%,4.15,4.31,5.16,0.5,12938
Jared Hughes,Brewers,5,3,1,67,0,59.2,7.24,3.62,0.6,0.278,79.00%,62.20%,12.90%,3.02,3.93,3.98,0.5,9325
Enny Romero,Nationals,2,4,2,53,0,55.2,10.51,3.72,1.13,0.327,77.30%,39.00%,10.80%,3.56,3.86,4.3,0.5,4001
Wandy Peralta,Reds,3,4,0,69,0,64.2,7.93,3.34,1.11,0.26,74.90%,54.20%,15.10%,3.76,4.16,4.01,0.4,14295
Chad Bettis,Rockies,2,4,0,9,9,46.1,5.83,2.14,1.55,0.293,70.10%,48.40%,16.00%,5.05,4.88,4.56,0.4,10587
Shelby Miller,Diamondbacks,2,2,0,4,4,22,8.18,4.91,0.41,0.288,71.90%,43.90%,4.30%,4.09,3.57,4.84,0.4,10197
Nathan Karns,Royals,2,2,0,9,8,45.1,10.13,2.58,1.79,0.283,80.70%,49.60%,19.60%,4.17,4.48,3.71,0.4,12638
Mark Melancon,Giants,1,2,11,32,0,30,8.7,1.8,0.9,0.374,70.40%,52.70%,12.50%,4.5,3.22,3.35,0.4,4264
Zach McAllister,Indians,2,2,0,50,0,62,9.58,3.05,1.16,0.294,89.30%,35.80%,11.80%,2.61,3.77,4.04,0.4,2895
Dan Otero,Indians,3,0,0,52,0,60,5.7,1.35,0.9,0.302,77.00%,63.50%,26.10%,2.85,3.64,3.02,0.4,7385
Danny Farquhar,- - -,4,2,0,52,0,49.1,8.21,5.11,0.55,0.267,71.90%,41.70%,5.10%,4.2,4.07,5.41,0.4,8501
Oliver Perez,Nationals,0,0,1,50,0,33,10.64,3.27,1.09,0.333,73.10%,33.00%,9.30%,4.64,3.82,4.57,0.4,1514
Peter Moylan,Royals,0,0,0,79,0,59.1,6.98,3.79,0.61,0.221,68.30%,61.10%,10.50%,3.49,4,4.26,0.4,4891
Kirby Yates,- - -,4,5,1,62,0,56.2,13.98,3.02,1.91,0.291,76.80%,28.90%,17.60%,3.97,3.92,3.3,0.4,9073
Michael Feliz,Astros,4,2,0,46,0,48,13.13,4.13,1.5,0.381,69.00%,31.00%,15.10%,5.63,3.78,3.58,0.4,11903
Blaine Boyer,Red Sox,1,1,0,32,0,41.1,7.19,3.05,0.65,0.37,74.00%,34.10%,6.50%,4.35,3.59,4.63,0.4,2237
Nick Wittgren,Marlins,3,1,0,38,0,42.1,9.14,2.76,1.06,0.339,71.20%,33.30%,9.30%,4.68,3.58,4.32,0.4,15594
Bartolo Colon,- - -,7,14,0,28,28,143,5.6,2.2,1.76,0.331,61.40%,41.80%,14.10%,6.48,5.21,5.14,0.4,375
Tyler Mahle,Reds,1,2,0,4,4,20,6.3,4.95,0,0.302,82.40%,52.50%,0.00%,2.7,4.01,5.79,0.4,16358
Carlos Estevez,Rockies,5,0,0,35,0,32.1,8.63,3.9,0.84,0.36,66.30%,45.10%,11.10%,5.57,3.84,4.12,0.4,14542
Jose Alvarez,Angels,0,3,1,64,0,48.2,8.32,2.22,1.29,0.309,74.70%,38.90%,13.20%,3.88,3.92,3.99,0.4,5358
Felix Hernandez,Mariners,6,5,0,16,16,86.2,8.1,2.7,1.77,0.286,76.40%,46.90%,22.40%,4.36,5.02,4.03,0.4,4772
Matt Grace,Nationals,1,0,2,40,1,50,5.58,3.24,0.54,0.294,68.90%,61.10%,9.40%,4.32,3.96,4.32,0.4,11449
Adam Morgan,Phillies,3,3,0,37,0,54.2,10.37,2.96,1.65,0.297,80.00%,45.60%,20.00%,4.12,4.22,3.47,0.4,12580
AJ Ramos,- - -,2,4,27,61,0,58.2,11.05,5.22,1.07,0.294,77.10%,40.10%,12.10%,3.99,4.1,4.3,0.3,8350
Taylor Rogers,Twins,7,3,0,69,0,55.2,7.92,3.4,0.97,0.291,82.80%,45.00%,12.20%,3.07,4.09,4.26,0.3,13449
Buck Farmer,Tigers,5,5,0,11,11,48,9.19,3.75,1.69,0.336,61.80%,32.40%,13.20%,6.75,5.05,5.14,0.3,14814
Jimmie Sherfy,Diamondbacks,2,0,1,11,0,10.2,7.59,1.69,0,0.192,100.00%,53.80%,0.00%,0,2.03,3.87,0.3,15118
Tony Zych,Mariners,6,3,1,45,0,40.2,7.75,4.65,0.44,0.255,82.70%,49.50%,6.10%,2.66,3.99,4.8,0.3,12876
Victor Arano,Phillies,1,0,0,10,0,10.2,10.97,3.38,0,0.24,80.00%,44.00%,0.00%,1.69,1.85,3.35,0.3,15915
Zach Putnam,White Sox,0,0,0,7,0,8.2,9.35,1.04,0,0.111,66.70%,55.60%,0.00%,1.04,1.43,2.86,0.3,9080
Austin Maddox,Red Sox,0,0,0,13,0,17.1,7.27,1.04,0.52,0.24,100.00%,26.00%,3.30%,0.52,2.64,4.97,0.3,14241
Brad Boxberger,Rays,4,4,0,30,0,29.1,12.27,3.38,1.23,0.292,81.60%,41.80%,14.30%,3.38,3.43,3.36,0.3,10133
Fernando Abad,Red Sox,2,1,1,48,0,43.2,7.63,2.89,0.82,0.286,74.90%,45.00%,8.70%,3.3,3.68,4.37,0.3,4994
Hector Rondon,Cubs,4,1,0,61,0,57.1,10.83,3.14,1.57,0.292,71.90%,48.30%,19.60%,4.24,4.12,3.43,0.3,2391
Lucas Giolito,White Sox,3,3,0,7,7,45.1,6.75,2.38,1.59,0.189,92.00%,45.00%,17.80%,2.38,4.94,4.42,0.3,15474
Steven Brault,Pirates,1,0,1,11,4,34.2,5.97,3.63,0.78,0.317,68.20%,41.70%,6.50%,4.67,4.34,5.58,0.3,15291
Jeurys Familia,Mets,2,2,6,26,0,24.2,9.12,5.47,0.36,0.29,64.60%,60.30%,7.70%,4.38,3.6,4.01,0.3,5114
James Pazos,Mariners,4,5,0,59,0,53.2,10.9,4.02,1.17,0.317,71.20%,51.00%,17.90%,3.86,4.05,3.65,0.3,13323
Boone Logan,Indians,1,0,0,38,0,21,12,3.86,0.86,0.353,62.50%,50.00%,14.30%,4.71,3.16,3.11,0.3,5525
Jeremy Hellickson,- - -,8,11,0,30,30,164,5.27,2.58,1.92,0.246,66.30%,34.90%,15.10%,5.43,5.77,5.51,0.3,4371
Steven Matz,Mets,2,7,0,13,13,66.2,6.48,2.57,1.62,0.329,66.90%,47.10%,17.10%,6.08,5.05,4.58,0.3,13361
Dillon Gee,- - -,3,2,1,18,4,49.1,7.48,2.74,1.46,0.319,79.30%,41.20%,13.60%,3.47,4.76,4.78,0.3,7396
Fernando Salas,- - -,2,2,0,61,0,58.2,8.59,3.38,1.07,0.337,63.10%,47.50%,10.80%,5.22,3.92,4.34,0.3,4971
Jose Leclerc,Rangers,2,3,2,47,0,45.2,11.82,7.88,0.79,0.204,74.50%,39.60%,8.30%,3.94,4.49,5.22,0.3,14524
Dan Winkler,Braves,1,1,0,16,0,14.1,11.3,3.77,0.63,0.214,77.60%,35.70%,7.70%,2.51,2.81,3.52,0.3,12237
Bruce Rondon,Tigers,1,3,1,21,0,15.2,12.64,5.74,0.57,0.476,42.50%,39.50%,7.70%,10.91,3.29,3.93,0.3,5766
Deck McGuire,Reds,1,1,0,6,2,13.2,7.24,1.32,0.66,0.22,60.30%,28.60%,4.00%,2.63,3.16,5.46,0.3,11596
Asher Wojciechowski,Reds,4,3,0,25,8,62.1,9.24,2.74,2.02,0.322,62.30%,29.10%,15.10%,6.5,5.18,4.91,0.3,10836
Cory Gearrin,Giants,4,3,0,68,0,68,8.47,4.63,0.53,0.263,88.00%,48.00%,6.90%,1.99,3.89,4.65,0.3,7947
Trevor Cahill,- - -,4,3,0,21,14,84,9.32,4.82,1.71,0.326,76.30%,55.60%,25.00%,4.93,5.28,4.16,0.3,6249
Al Alburquerque,- - -,0,2,0,21,0,18,7,4,0,0.204,72.20%,55.10%,0.00%,2.5,2.94,4.12,0.3,6324
Sergio Romo,- - -,3,1,0,55,0,55.2,9.54,3.07,1.46,0.243,79.00%,37.20%,14.50%,3.56,4.22,4.1,0.3,9817
Jarlin Garcia,Marlins,1,2,0,68,0,53.1,7.09,2.87,1.01,0.263,65.40%,39.00%,9.20%,4.73,4.23,4.93,0.3,18282
Josh Fields,Dodgers,5,0,2,57,0,57,9.47,2.37,1.58,0.219,88.10%,29.70%,14.10%,2.84,4.18,4.11,0.3,5070
Matt Cain,Giants,3,11,0,27,23,124.1,5.43,3.55,1.3,0.328,67.30%,42.50%,12.20%,5.43,5.06,5.3,0.3,4732
Jarred Cosart,Padres,0,2,0,7,6,24,5.63,7.13,0,0.333,68.10%,50.60%,0.00%,4.88,4.53,6.16,0.3,10304
Mark Leiter,Phillies,3,6,0,27,11,90.2,8.34,3.08,1.79,0.282,67.10%,48.90%,21.70%,4.96,5.14,4.19,0.2,15551
Zack Wheeler,Mets,3,7,0,17,17,86.1,8.44,4.17,1.56,0.332,73.10%,47.50%,19.50%,5.21,5.03,4.36,0.2,10310
Daniel Wright,Angels,0,1,0,5,2,19.2,5.03,3.66,0.46,0.317,64.20%,30.20%,4.00%,4.58,4.23,5.83,0.2,15179
Francis Martes,Astros,5,2,0,32,4,54.1,11.43,5.13,1.16,0.328,62.30%,42.60%,14.00%,5.8,4.45,4.41,0.2,17303
Jeff Locke,Marlins,0,5,0,7,7,32,7.31,4.22,1.13,0.355,52.50%,46.80%,10.80%,8.16,4.56,5,0.2,2929
Josh Lindblom,Pirates,0,0,0,4,0,10.1,8.71,2.61,0,0.474,57.10%,39.50%,0.00%,7.84,2.09,4.68,0.2,7882
Chris O'Grady,Marlins,2,1,0,13,6,33,8.18,4.91,1.09,0.315,77.60%,34.00%,10.30%,4.36,4.64,5.17,0.2,13818
Alec Asher,Orioles,2,5,0,24,6,60,7.05,3.45,1.5,0.287,71.40%,38.90%,12.80%,5.25,5.26,5.4,0.2,13560
Tim Mayza,Blue Jays,1,0,0,19,0,17,14.29,2.12,1.59,0.467,54.60%,41.70%,21.40%,6.88,2.98,2.15,0.2,15042
Nick Martinez,Rangers,3,8,0,23,18,111.1,5.42,2.26,2.1,0.276,68.00%,41.60%,18.60%,5.66,5.8,5,0.2,12730
Edward Paredes,Dodgers,1,0,0,10,0,8.1,11.88,0,1.08,0.368,75.80%,35.00%,12.50%,3.24,2.08,2.23,0.2,4168
Matt Shoemaker,Angels,6,3,0,14,14,77.2,8,3.24,1.74,0.276,76.20%,38.50%,14.60%,4.52,5.13,4.98,0.2,4776
Joaquin Benoit,- - -,1,6,2,52,0,50.1,8.23,3.93,1.25,0.263,67.60%,33.30%,10.00%,4.65,4.51,5.17,0.2,1437
Sam Tuivailala,Cardinals,3,3,0,37,0,42.1,7.23,2.34,0.85,0.258,84.90%,48.80%,10.30%,2.55,3.7,4.11,0.2,13485
Kevin McCarthy,Royals,1,0,0,33,0,45,5.4,2.6,0.8,0.303,69.70%,54.20%,9.50%,3.2,3.98,4.48,0.2,15240
Brian Johnson,Red Sox,2,0,0,5,5,27,7,2.67,1.67,0.31,81.80%,35.90%,11.90%,4.33,4.9,5.26,0.2,14272
Chasen Bradford,Mets,2,0,0,28,0,33.2,7.22,3.48,0.8,0.27,67.00%,55.90%,10.00%,3.74,3.87,4.3,0.2,12452
Vince Velasquez,Phillies,2,7,0,15,15,72,8.5,4.25,1.88,0.303,74.40%,42.50%,20.80%,5.13,5.52,4.59,0.2,11189
Wade LeBlanc,Pirates,5,2,1,50,0,68,7.15,2.25,1.32,0.269,69.10%,45.90%,15.40%,4.5,4.28,4.06,0.2,5221
Dillon Peters,Marlins,1,2,0,6,6,31.1,7.76,5.46,0.86,0.33,71.70%,63.30%,15.80%,5.17,4.69,4.52,0.2,18790
Rex Brothers,Braves,4,3,0,27,0,23.2,12.55,4.56,1.14,0.357,53.50%,39.00%,14.30%,7.23,3.66,3.6,0.2,9794
Danny Barnes,Blue Jays,3,6,0,60,0,66,8.45,3.27,1.5,0.222,81.60%,32.20%,12.00%,3.55,4.58,4.89,0.2,11388
Richard Bleier,Orioles,2,1,0,57,0,63.1,3.69,1.85,0.85,0.259,79.30%,68.80%,14.00%,1.99,4.37,4.35,0.2,7803
Aaron Wilkerson,Brewers,1,0,0,3,2,10.1,6.1,0.87,0.87,0.179,53.60%,44.80%,8.30%,3.48,3.35,4.16,0.2,16904
Daniel Hudson,Pirates,2,7,0,71,0,61.2,9.63,4.82,1.02,0.313,71.60%,43.30%,11.90%,4.38,4.34,4.57,0.2,7146
Ryan Buchter,- - -,4,3,1,71,0,65.1,8.95,3.58,1.38,0.209,81.70%,32.90%,11.00%,2.89,4.54,5.02,0.2,9456
Ben Heller,Yankees,1,0,0,9,0,11,7.36,4.91,0,0.179,90.90%,46.40%,0.00%,0.82,3.16,4.94,0.2,15100
Jose Urena,Marlins,14,7,0,34,28,169.2,5.99,3.39,1.38,0.249,79.00%,43.10%,13.10%,3.82,5.2,5.29,0.2,11589
Bryan Mitchell,Yankees,1,1,1,20,1,32.2,4.68,3.58,0.55,0.333,60.20%,54.10%,8.00%,5.79,4.2,4.76,0.2,11479
Nate Jones,White Sox,1,0,0,11,0,11.2,11.57,4.63,0.77,0.308,89.00%,53.80%,14.30%,2.31,3.5,3.45,0.2,4696
Kelvin Herrera,Royals,3,3,26,64,0,59.1,8.49,3.03,1.37,0.295,70.20%,47.50%,14.50%,4.25,4.3,4.19,0.2,6033
Giovanny Gallegos,Yankees,0,1,0,16,0,20.1,9.74,2.21,1.33,0.31,64.20%,35.60%,12.00%,4.87,3.65,3.92,0.2,14986
A.J. Schugel,Pirates,4,0,0,32,0,32,7.59,3.94,0.84,0.304,90.70%,52.70%,11.50%,1.97,4,4.23,0.2,11432
Tyler Clippard,- - -,2,8,5,67,0,60.1,10.74,4.62,1.49,0.248,71.20%,32.50%,12.80%,4.77,4.57,4.71,0.2,5640
Mike Dunn,Rockies,5,1,0,68,0,50.1,10.19,5.01,1.43,0.276,76.90%,32.80%,13.10%,4.47,4.63,4.72,0.2,9948
Jim Johnson,Braves,6,3,22,61,0,56.2,9.69,3.97,1.27,0.317,62.30%,48.50%,15.70%,5.56,4.22,3.98,0.2,3656
T.J. McFarland,Diamondbacks,4,5,0,43,1,54,4.83,2.83,0.67,0.323,53.60%,67.00%,12.10%,5.33,4.1,4.23,0.2,3237
Jamie Callahan,Mets,0,0,0,9,0,6.2,6.75,1.35,0,0.292,50.00%,56.50%,0.00%,4.05,2.11,3.71,0.2,14711
A.J. Cole,Nationals,3,5,0,11,8,52,7.62,4.67,1.38,0.293,83.10%,44.00%,13.60%,3.81,5.2,5.21,0.2,11467
Chris Hatcher,- - -,1,2,1,49,0,59.2,9.5,3.17,1.51,0.294,76.90%,32.50%,12.80%,4.22,4.28,4.43,0.2,3299
Carson Smith,Red Sox,0,0,1,8,0,6.2,9.45,2.7,0,0.389,88.90%,61.10%,0.00%,1.35,1.96,2.22,0.2,13172
Max Fried,Braves,1,1,0,9,4,26,7.62,4.15,1.04,0.338,74.20%,65.10%,21.40%,3.81,4.81,4.27,0.2,13743
Chasen Shreve,Yankees,4,1,0,44,0,45.1,11.51,4.96,1.59,0.252,82.00%,37.40%,15.40%,3.77,4.55,4.29,0.2,10855
Jesse Chavez,Angels,7,11,0,38,21,138,7.76,2.93,1.83,0.306,71.90%,41.10%,18.30%,5.35,5.09,4.43,0.2,5448
Kyle McGrath,Padres,0,0,0,17,0,19,7.58,2.84,0.95,0.235,81.40%,28.30%,7.10%,2.84,3.79,5.04,0.1,16793
Jumbo Diaz,Rays,1,4,0,31,0,30,8.4,4.5,1.2,0.315,65.20%,30.70%,9.80%,5.7,4.52,5.22,0.1,3397
Hoby Milner,Phillies,0,0,0,37,0,31.1,6.32,4.6,0.57,0.295,91.10%,45.30%,6.10%,2.01,4.5,5.54,0.1,13346
Domingo German,Yankees,0,1,0,7,0,14.1,11.3,5.65,0.63,0.294,75.30%,54.50%,12.50%,3.14,3.44,3.52,0.1,17149
Hector Velazquez,Red Sox,3,1,0,8,3,24.2,6.93,2.55,1.46,0.258,89.30%,42.90%,16.70%,2.92,4.58,4.2,0.1,19341
Donnie Hart,Orioles,2,0,0,51,0,43.2,5.98,2.68,1.03,0.309,79.30%,53.10%,10.60%,3.71,4.49,4.91,0.1,15306
Eric Skoglund,Royals,1,2,0,7,5,18,7,6,1,0.431,56.10%,36.40%,7.70%,9.5,5.05,6.17,0.1,16155
Kyle Crick,Giants,0,0,0,30,0,32.1,7.79,4.73,0.56,0.233,72.60%,37.90%,5.00%,3.06,3.9,5.3,0.1,13182
Tony Watson,- - -,7,4,10,71,0,66.2,7.16,2.7,1.22,0.309,84.10%,47.80%,15.00%,3.38,4.45,4.29,0.1,3132
David Paulino,Astros,2,0,0,6,6,29,10.55,2.17,2.48,0.354,69.20%,30.10%,19.00%,6.52,5.12,4.11,0.1,17418
Ubaldo Jimenez,Orioles,6,11,0,31,25,142.2,8.77,3.66,2.08,0.329,66.20%,43.10%,20.80%,6.81,5.54,4.52,0.1,3374
Daniel Stumpf,Tigers,0,1,0,55,0,37.2,7.88,3.58,1.19,0.305,80.90%,42.70%,12.20%,3.82,4.49,4.7,0.1,13780
Daniel Coulombe,Athletics,2,2,0,72,0,51.2,6.79,3.83,0.7,0.28,75.30%,56.20%,9.80%,3.48,4.16,4.57,0.1,13293
Brandon Finnegan,Reds,1,1,0,4,4,13,11.08,9,0.69,0.276,77.70%,53.30%,12.50%,4.15,4.7,4.79,0.1,16208
Keynan Middleton,Angels,6,1,3,64,0,58.1,9.72,2.78,1.7,0.318,84.70%,37.60%,16.20%,3.86,4.37,4,0.1,15264
Alan Busenitz,Twins,1,1,0,28,0,31.2,6.54,2.56,1.14,0.212,86.60%,37.50%,10.00%,1.99,4.2,4.8,0.1,15239
Vance Worley,Marlins,2,6,1,24,12,71.2,6.28,3.77,1.13,0.378,64.50%,48.60%,13.00%,6.91,4.9,4.98,0.1,6435
Bobby Wahl,Athletics,0,0,0,7,0,7.2,9.39,4.7,0,0.348,69.20%,22.70%,0.00%,4.7,3.03,5.35,0.1,14832
Lucas Sims,Braves,3,6,0,14,10,57.2,6.87,3.59,1.4,0.314,68.90%,38.10%,13.00%,5.62,5.07,5.16,0.1,13470
Akeel Morris,Braves,0,0,0,8,0,7.1,11.05,4.91,0,0.316,90.00%,27.80%,0.00%,1.23,2.34,4.77,0.1,12185
Albert Suarez,Giants,0,3,1,18,0,31.2,9.66,3.13,1.14,0.282,64.00%,45.50%,13.80%,5.12,3.79,3.78,0.1,6175
Juan Minaya,White Sox,3,2,9,40,0,43.2,10.51,4.12,1.44,0.304,76.60%,35.20%,15.20%,4.53,4.55,4.34,0.1,10341
John Brebbia,Cardinals,0,0,0,50,0,51.2,8.88,1.92,1.39,0.216,90.90%,25.20%,10.30%,2.44,4.13,4.8,0.1,12777
Julio Urias,Dodgers,0,2,0,5,5,23.1,4.24,5.4,0.39,0.293,62.80%,40.30%,4.30%,5.4,4.7,5.9,0.1,14765
Clay Buchholz,Phillies,0,1,0,2,2,7.1,6.14,3.68,1.23,0.484,51.10%,28.10%,6.70%,12.27,4.79,6.66,0.1,3543
Roberto Gomez,Giants,0,0,0,4,0,5.1,10.13,1.69,0,0.474,50.00%,31.60%,0.00%,8.44,1.47,3.8,0.1,12963
Ernesto Frieri,Rangers,0,1,0,6,0,7,6.43,7.71,0,0.3,66.70%,31.60%,0.00%,5.14,4.3,6.84,0.1,5178
Dario Alvarez,Rangers,2,0,0,20,0,16.1,9.37,7.71,0.55,0.367,79.80%,42.90%,4.50%,2.76,4.63,6.23,0.1,14239
Luke Jackson,Braves,2,0,0,43,0,50.2,5.86,3.38,0.71,0.311,71.80%,45.20%,6.80%,4.62,4.24,5.29,0.1,11752
Noe Ramirez,- - -,0,0,0,12,0,13,9.69,3.46,1.38,0.143,73.20%,46.70%,18.20%,2.77,4.16,3.66,0.1,12800
A.J. Griffin,Rangers,6,6,0,18,15,77.1,7.1,3.26,2.33,0.251,70.70%,28.50%,14.20%,5.94,6.26,6.14,0.1,11132
Javy Guerra,Marlins,1,1,0,16,0,21,5.14,3,0.86,0.313,80.90%,54.40%,10.50%,3,4.25,4.62,0.1,7407
Ryan Weber,Mariners,0,0,0,1,1,3.2,0,0,0,0.214,66.70%,50.00%,0.00%,2.45,3.16,5.58,0.1,10160
Carlos Ramirez,Blue Jays,0,0,0,12,0,16.2,7.56,1.62,1.62,0.081,86.20%,27.50%,13.60%,2.7,4.54,4.55,0.1,11743
Dillon Maples,Cubs,0,0,0,6,0,5.1,18.56,10.13,0,0.6,50.00%,50.00%,0.00%,10.13,2.41,2.74,0.1,14672
Pedro Baez,Dodgers,3,6,0,66,0,64,9,4.08,1.27,0.267,84.70%,34.60%,11.30%,2.95,4.44,4.83,0.1,5420
Josh A. Smith,Athletics,2,1,0,26,0,35,6.43,3.86,0.77,0.296,65.50%,45.90%,7.50%,4.89,4.13,5.05,0.1,10946
Eduardo Paredes,Angels,0,1,1,18,0,22.1,6.85,2.42,0.81,0.297,69.90%,46.90%,9.10%,4.43,4.01,4.6,0.1,16344
Phil Hughes,Twins,4,3,0,14,9,53.2,6.37,2.18,2.01,0.333,69.40%,30.40%,13.80%,5.87,5.43,5.41,0.1,7450
Robbie Ross Jr.,Red Sox,0,0,0,8,0,9,9,5,0,0.429,65.00%,46.40%,0.00%,7,3.82,5.21,0.1,6819
Jack Leathersich,- - -,0,0,0,7,0,5,12.6,10.8,0,0.333,80.00%,16.70%,0.00%,3.6,3.96,6.09,0.1,12562
Kyle Kendrick,Red Sox,0,2,0,2,2,8.1,3.24,3.24,1.08,0.447,45.90%,44.70%,9.10%,12.96,5.08,5.87,0.1,6230
Santiago Casilla,Athletics,4,5,16,63,0,59,8.69,3.36,1.22,0.301,76.20%,40.10%,12.10%,4.27,4.41,4.64,0.1,2873
Craig Stammen,Padres,2,3,0,60,0,80.1,8.29,3.14,1.34,0.263,85.00%,51.60%,17.40%,3.14,4.38,3.96,0.1,7274
Zac Rosscup,- - -,0,0,0,10,0,7.2,11.74,0,2.35,0.35,80.70%,33.30%,20.00%,4.7,3.94,2.87,0.1,9419
Chaz Roe,- - -,0,0,0,12,0,10.2,10.97,4.22,0.84,0.25,69.00%,56.00%,16.70%,2.53,3.63,3.41,0.1,9866
Ryan Pressly,Twins,2,3,0,57,0,61.1,8.95,2.79,1.47,0.264,66.70%,50.60%,18.50%,4.7,4.36,3.81,0.1,7005
Huston Street,Angels,0,0,0,4,0,4,6.75,2.25,0,0.182,100.00%,36.40%,0.00%,0,2.41,4.19,0.1,8258
Andrew Bailey,Angels,2,0,0,4,0,4,4.5,0,0,0.091,100.00%,27.30%,0.00%,0,2.16,4.38,0.1,1368
Tyler Danish,White Sox,1,0,0,1,1,5,10.8,10.8,0,0.273,100.00%,36.40%,0.00%,0,4.36,5.78,0.1,15126
Marco Gonzales,- - -,1,1,0,11,8,40,7.2,2.48,1.8,0.383,73.60%,45.40%,17.80%,6.08,5.06,4.46,0.1,15467
Adam Liberatore,Dodgers,0,0,0,4,0,3.1,13.5,5.4,0,0.375,80.00%,62.50%,0.00%,2.7,1.96,1.96,0.1,10637
Bryan Morris,Giants,2,0,0,20,0,21,6.43,4.71,0.43,0.343,56.60%,47.70%,5.30%,6.43,3.92,4.91,0.1,10234
Sammy Solis,Nationals,1,0,1,30,0,26,9.69,4.5,1.38,0.269,61.20%,46.50%,14.80%,5.88,4.5,4.35,0.1,11457
Artie Lewicki,Tigers,0,1,0,4,1,10.1,5.23,3.48,0.87,0.439,69.40%,40.50%,5.60%,6.1,4.42,6.26,0.1,16731
Ryan Sherriff,Cardinals,2,1,0,13,0,14.1,9.42,2.51,1.26,0.289,85.50%,65.00%,20.00%,3.14,3.93,3.35,0.1,12249
Reyes Moronta,Giants,0,0,0,7,0,6.2,14.85,4.05,1.35,0.357,92.10%,46.70%,20.00%,2.7,3.16,2.54,0.1,14966
Tanner Scheppers,Rangers,0,1,0,5,0,4,11.25,6.75,0,0.417,66.70%,25.00%,0.00%,6.75,3.66,5.44,0,10267
Preston Claiborne,Rangers,0,0,0,1,0,2,9,0,0,0.625,40.00%,25.00%,0.00%,13.5,1.16,5.6,0,10500
Kevin Siegrist,- - -,1,1,1,46,0,39.1,9.84,5.03,1.14,0.337,74.60%,35.80%,12.20%,4.81,4.38,4.58,0,8180
Taylor Williams,Brewers,0,0,0,5,0,4.2,7.71,3.86,0,0.286,83.30%,42.90%,0.00%,1.93,2.73,3.49,0,14899
Mike Wright Jr.,Orioles,0,0,0,13,0,25,10.08,2.52,1.8,0.318,69.00%,43.70%,20.80%,5.76,4.72,3.83,0,12586
Drew Anderson,Phillies,0,0,0,2,0,2.1,7.71,3.86,0,0.545,0.00%,27.30%,0.00%,23.14,2.73,5.78,0,15130
Tyler Cloyd,Mariners,1,0,0,1,0,1,9,0,0,0.667,100.00%,33.30%,0.00%,0,1.16,2.94,0,8536
Seunghwan Oh,Cardinals,1,6,20,62,0,59.1,8.19,2.28,1.52,0.319,76.40%,28.70%,10.80%,4.1,4.44,5.04,0,18719
Kevin Shackelford,Reds,0,0,0,26,0,30.2,11.15,3.82,1.76,0.32,79.80%,58.00%,25.00%,4.7,4.79,3.64,0,11012
Jake Odorizzi,Rays,10,8,0,28,28,143.1,7.97,3.83,1.88,0.227,72.50%,30.60%,15.50%,4.14,5.43,5.1,0,6397
Andrew Kittredge,Rays,0,1,0,15,0,15.1,8.22,3.52,1.17,0.25,92.60%,46.50%,13.30%,1.76,4.2,4.25,0,12828
Dayan Diaz,Astros,1,1,0,10,1,13,13.85,2.77,2.08,0.452,41.70%,41.20%,33.30%,9,4,2.24,0,11543
J.D. Davis,Astros,0,0,0,2,0,1.2,16.2,5.4,0,0.333,100.00%,33.30%,0.00%,0,1.36,2.42,0,16219
Pedro Beato,Phillies,0,0,0,1,0,0.2,13.5,0,0,0,100.00%,100.00%,0.00%,0,0.16,0.16,0,1330
Pierce Johnson,Cubs,0,0,0,1,0,1,18,9,0,0.5,33.30%,50.00%,0.00%,0,2.16,3.94,0,13435
Reymin Guduan,Astros,0,0,0,22,0,16,9,6.75,0.56,0.426,63.60%,54.50%,8.30%,7.88,4.22,4.74,0,13058
Fabio Castillo,Dodgers,0,0,0,2,0,1.1,13.5,6.75,0,0.6,50.00%,40.00%,0.00%,13.5,2.41,2.41,0,2826
T.J. House,Blue Jays,0,0,0,2,0,2,4.5,4.5,0,0.375,75.00%,25.00%,0.00%,4.5,3.66,5.44,0,9121
Mike Morin,- - -,0,0,0,16,0,20,7.2,2.25,1.35,0.382,61.70%,48.50%,12.50%,7.2,4.41,4.59,0,13442
Ariel Miranda,Mariners,8,7,0,31,29,160,7.71,3.54,2.08,0.236,73.60%,31.70%,15.30%,5.12,5.73,5.41,0,17526
Jon Jay,Cubs,0,0,0,1,0,1,0,0,0,0.25,100.00%,0.00%,0.00%,0,3.16,6.72,0,5227
Brett Nicholas,Rangers,0,0,0,1,0,1,0,0,0,0.625,20.00%,12.50%,0.00%,36,3.16,10.27,0,11192
Mitch Moreland,Red Sox,0,0,0,1,0,1,9,0,0,0.5,100.00%,50.00%,0.00%,0,1.16,2.94,0,3086
Thyago Vieira,Mariners,0,0,0,1,0,1,9,0,0,0,100.00%,50.00%,0.00%,0,1.16,1.16,0,14510
Dan Slania,Giants,0,0,0,1,0,1,0,0,0,0,100.00%,33.30%,0.00%,0,3.16,6.72,0,15639
Brian Flynn,Royals,0,0,0,1,0,2.1,0,0,0,0.375,66.70%,37.50%,0.00%,3.86,3.16,5.44,0,12027
Edgar Santana,Pirates,0,0,0,19,0,18,10,6,1,0.304,80.20%,44.70%,14.30%,3.5,4.55,4.49,0,17355
Ashur Tolliver,Astros,0,0,0,3,0,5,9,7.2,0,0.333,77.80%,50.00%,0.00%,3.6,4.16,5.22,0,10044
Shane Carle,Rockies,0,0,0,3,0,4,9,0,2.25,0.357,65.20%,26.70%,12.50%,6.75,4.41,4.72,0,15258
Hunter Wood,Rays,0,0,0,1,0,0.1,0,0,0,0,100.00%,0.00%,0.00%,0,3.16,8.49,0,15091
Tony Cingrani,- - -,0,0,0,47,0,42.2,10.97,2.53,2.11,0.297,79.50%,41.30%,21.30%,4.22,4.68,3.59,0,12555
Daniel Descalso,Diamondbacks,0,0,0,2,0,2,0,0,0,0,100.00%,16.70%,0.00%,0,3.16,7.6,0,8392
Jorge De La Rosa,Diamondbacks,3,1,0,65,0,51.1,7.89,3.68,1.23,0.273,76.40%,45.20%,12.50%,4.21,4.58,4.75,0,2047
Yovani Gallardo,Mariners,5,10,1,28,22,130.2,6.47,4.13,1.65,0.286,69.70%,44.10%,15.90%,5.72,5.53,5.2,0,8173
Mike Freeman,Mariners,0,0,0,1,0,1,0,0,0,0.5,66.70%,16.70%,0.00%,9,3.16,6.72,0,11241
Derek Law,Giants,4,1,4,41,0,37.1,8.44,3.38,1.21,0.357,74.10%,38.30%,11.10%,5.06,4.31,4.71,0,13133
Michael Martinez,Indians,0,0,0,1,0,1,0,0,0,0.25,100.00%,75.00%,0.00%,0,3.16,4.94,0,7358
Luis Sardinas,Padres,0,0,0,1,0,1,0,0,0,0.25,100.00%,75.00%,0.00%,0,3.16,4.94,0,13153
Austin Brice,Reds,0,0,0,22,0,32.2,7.16,1.93,1.65,0.284,72.30%,50.50%,18.80%,4.96,4.87,4.23,0,17237
Shae Simmons,Mariners,0,2,0,9,0,7.2,9.39,4.7,1.17,0.176,30.30%,44.40%,11.10%,7.04,4.33,4.72,0,14200
Ryan Dull,Athletics,2,2,0,49,0,42,9.64,3.43,1.5,0.283,56.30%,38.70%,14.90%,5.14,4.54,4.36,0,13974
Tanner Scott,Orioles,0,0,0,2,0,1.2,10.8,10.8,0,0.4,50.00%,20.00%,0.00%,10.8,4.36,5.42,0,17586
Glenn Sparkman,Blue Jays,0,0,0,2,0,1,9,9,0,0.9,30.00%,20.00%,0.00%,63,4.16,11.27,0,15200
Jose Ruiz,Padres,0,0,0,1,0,1,9,9,0,0,100.00%,50.00%,0.00%,0,4.16,5.94,0,14552
Jason Hursh,Braves,1,0,0,9,0,10.2,5.91,3.38,0.84,0.353,72.30%,57.10%,14.30%,5.06,4.47,4.42,0,14914
Carson Fulmer,White Sox,3,1,0,7,5,23.1,7.33,5.01,1.54,0.19,82.70%,28.80%,11.10%,3.86,5.69,6.2,0,18311
Jake Esch,Padres,0,0,0,1,0,0,0,18,0,0,100.00%,0.00%,0.00%,0,9.16,9.16,0,12756
Matt Koch,Diamondbacks,0,0,0,1,0,0,0,9,0,1,0.00%,0.00%,0.00%,27,6.16,7.94,0,13420
Austin Adams,Nationals,0,0,0,6,0,5,18,14.4,0,0.4,69.20%,40.00%,0.00%,3.6,4.56,5.62,0,13801
Jake Diekman,Rangers,0,0,1,11,0,10.2,10.97,8.44,0.84,0.143,87.30%,59.10%,16.70%,2.53,4.75,4.53,0,5003
William Cuevas,Tigers,0,0,0,1,0,0.1,27,0,0,1,0.00%,0.00%,0.00%,108,6.16,11.49,0,13331
Jorge Lopez,Brewers,0,0,0,1,0,2,0,4.5,0,0.444,80.00%,44.40%,0.00%,4.5,4.66,6.44,0,14527
Roenis Elias,Red Sox,0,0,0,1,0,0.1,27,27,0,0,100.00%,0.00%,0.00%,0,6.16,6.16,0,12673
Kyle Crockett,Indians,0,0,0,4,0,1.2,10.8,5.4,0,0.571,66.70%,57.10%,0.00%,10.8,4.36,5.42,0,15033
Chris Gimenez,Twins,0,0,0,6,0,5,0,0,1.8,0.286,53.60%,27.30%,8.30%,7.2,5.76,7.43,0,7324
Aaron Slegers,Twins,0,1,0,4,3,15.1,5.28,3.52,1.76,0.2,43.50%,46.80%,16.70%,6.46,5.7,5.25,0,15231
Cody Martin,Mariners,0,0,0,1,0,2,0,9,0,0.455,42.90%,36.40%,0.00%,13.5,6.16,10.6,0,12182
Zac Curtis,- - -,0,0,0,6,0,8.1,6.48,3.24,1.08,0.208,72.90%,41.70%,10.00%,1.08,5.08,5.65,0,16684
Erick Aybar,Padres,0,0,0,2,0,1.1,0,6.75,0,0,100.00%,66.70%,0.00%,0,5.41,6.74,0,4082
Jose Torres,Padres,7,4,1,62,0,68.1,8.3,2.11,1.71,0.266,75.60%,35.40%,14.40%,4.21,4.66,4.53,0,14957
Hernan Perez,Brewers,0,0,0,1,0,1,0,9,0,0.25,100.00%,25.00%,0.00%,0,6.16,9.72,0,5751
David Goforth,Brewers,0,0,0,1,0,1,0,9,0,0,100.00%,33.30%,0.00%,0,6.16,7.94,0,12166
Andrew Moore,Mariners,1,5,0,11,9,59,4.73,1.22,2.14,0.243,66.80%,28.70%,14.10%,5.34,5.65,5.55,0,17553
Jairo Labourt,Tigers,0,0,0,6,0,6,6,10.5,0,0.235,72.70%,41.20%,0.00%,4.5,5.32,7.99,0,14996
Tyler Pill,Mets,0,3,0,7,3,22,6.55,4.09,1.23,0.279,60.40%,49.30%,17.60%,5.32,5.11,4.71,0,12751
Jesus Sucre,Rays,0,0,0,1,0,1,0,18,0,0.4,25.00%,0.00%,0.00%,27,9.16,12.72,0,5942
Anthony Bass,Rangers,0,0,0,2,0,5.2,1.59,0,1.59,0.448,39.70%,43.30%,11.10%,14.29,5.1,5.63,0,7982
Brandon Workman,Red Sox,1,1,0,33,0,39.2,8.39,2.5,1.59,0.283,81.60%,43.20%,16.70%,3.18,4.49,4.08,0,11428
Taylor Jungmann,Brewers,0,0,0,1,0,0.2,13.5,13.5,0,0.667,75.00%,66.70%,0.00%,13.5,9.16,11.83,0,13119
Arcenio Leon,Tigers,0,0,0,6,0,6.2,2.7,8.1,0,0.304,30.80%,47.80%,0.00%,12.15,5.26,7.13,0,8846
Silvino Bracho,Diamondbacks,0,0,0,21,0,20.2,10.89,3.05,2.18,0.26,61.10%,43.60%,19.20%,5.66,4.9,3.99,0,15051
Carter Capps,Padres,0,0,0,11,0,12.1,5.11,1.46,1.46,0.263,44.60%,52.50%,16.70%,6.57,4.62,4.24,0,12803
Wily Peralta,Brewers,5,4,0,19,8,57.1,8.16,5.02,1.57,0.362,59.80%,44.50%,16.40%,7.85,5.34,4.96,0,7738
Tommy Layne,Yankees,0,0,0,19,0,13,6.23,5.54,0.69,0.341,55.10%,46.70%,9.10%,7.62,4.85,5.36,0,7501
Leonel Campos,Blue Jays,0,0,0,13,0,13.2,9.88,5.27,1.32,0.265,81.40%,38.90%,11.10%,2.63,4.84,5.28,0,12277
Stefan Crichton,Orioles,0,0,0,8,0,12.1,5.84,2.92,1.46,0.5,69.90%,46.00%,13.30%,8.03,4.94,5,0,16058
Damien Magnifico,Angels,0,0,0,1,0,0.1,27,54,0,0,100.00%,0.00%,0.00%,0,15.16,15.16,0,13395
John Curtiss,Twins,0,0,0,9,0,8.2,10.38,2.08,2.08,0.304,43.50%,24.00%,14.30%,8.31,4.89,4.76,0,16128
Miguel Almonte,Royals,0,0,0,2,0,2,0,9,0,0.5,57.10%,50.00%,0.00%,13.5,6.16,8.83,0,14139
Jason Gurka,Angels,0,0,0,3,0,0.2,0,13.5,0,0.5,100.00%,0.00%,0.00%,0,7.66,12.99,0,8007
Miguel Montero,Cubs,0,0,0,1,0,1,0,18,0,0,100.00%,33.30%,0.00%,0,9.16,10.94,0,3364
Marc Rzepczynski,Mariners,2,2,1,64,0,31.1,7.18,5.74,0.57,0.303,72.00%,70.00%,15.40%,4.02,4.4,4.31,0,6612
Nori Aoki,Astros,0,0,0,1,0,1,0,18,0,0.25,0.00%,25.00%,0.00%,27,9.16,10.94,0,13075
Max Povse,Mariners,0,0,0,3,0,3.2,4.91,2.45,2.45,0.471,58.10%,33.30%,12.50%,7.36,6.43,6.77,0,16165
Zach Lee,Padres,1,0,0,3,1,8,6.75,9,1.13,0.269,75.30%,40.70%,7.70%,5.63,6.28,7.55,0,11468
Chad Qualls,Rockies,1,1,0,19,0,16.2,5.94,2.7,1.62,0.264,61.80%,57.40%,17.60%,5.4,5.08,4.55,0,2170
Taylor Cole,Blue Jays,0,0,0,1,0,1,9,9,0,0.857,50.00%,57.10%,0.00%,36,7.16,7.16,0,11964
Jairo Diaz,Rockies,0,0,0,4,0,5,3.6,9,0,0.545,66.70%,59.10%,0.00%,9,5.96,7.02,0,12774
Jack Flaherty,Cardinals,0,2,0,6,5,21.1,8.44,4.22,1.69,0.322,66.90%,47.60%,21.10%,6.33,5.27,4.41,0,17479
Jayson Aquino,Orioles,1,2,0,4,2,13.1,8.78,4.05,2.7,0.282,58.40%,44.20%,21.10%,7.43,6.46,5.09,0,13150
Aaron Sanchez,Blue Jays,1,3,0,8,8,36,6,5,1.5,0.31,71.40%,47.50%,17.10%,4.25,5.74,5.3,0,11490
J.J. Hoover,Diamondbacks,3,1,0,52,0,41.1,11.76,5.66,1.52,0.367,84.10%,32.80%,15.20%,3.92,4.71,4.48,0,9037
Jen-Ho Tseng,Cubs,1,0,0,2,1,6,12,3,3,0.231,57.70%,33.30%,28.60%,7.5,6.32,4.07,0,15524
Chris Smith,Blue Jays,0,0,0,4,0,5,1.8,1.8,1.8,0.3,75.80%,33.30%,8.30%,5.4,5.96,7.63,0,14449
Mike Fiers,Astros,8,10,0,29,28,153.1,8.57,3.64,1.88,0.299,73.20%,42.90%,19.50%,5.22,5.43,4.62,0,7754
Josh Edgin,Mets,0,1,1,46,0,37,6.57,4.38,0.73,0.319,79.60%,47.40%,7.50%,3.65,4.62,5.49,0,10796
Jackson Stephens,Reds,2,1,0,7,4,25,7.56,3.24,2.16,0.203,77.70%,36.20%,18.80%,4.68,5.8,4.95,0,14420
Caleb Smith,Yankees,0,1,0,9,2,18.2,8.68,4.82,1.93,0.315,59.10%,27.60%,16.00%,7.71,5.62,5.22,0,14875
Diego Moreno,Rays,0,1,0,5,0,5.2,9.53,3.18,1.59,0.313,65.80%,41.20%,16.70%,4.76,4.92,4.51,0,6238
Rob Zastryzny,Cubs,0,0,0,4,0,13,7.62,4.85,1.38,0.415,57.90%,50.00%,16.70%,8.31,5.31,4.95,0,15094
Wei-Chung Wang,Brewers,0,0,0,8,0,1.1,13.5,0,6.75,0.667,83.30%,42.90%,50.00%,13.5,9.91,2.83,0,14382
Lucas Harrell,Blue Jays,0,0,0,4,0,6.1,8.53,5.68,1.42,0.409,71.40%,43.50%,20.00%,7.11,5.21,4.56,0,7541
Justin Haley,Twins,0,0,1,10,0,18,7,3,1.5,0.333,68.60%,38.30%,20.00%,6,4.94,4.25,-0.1,13572
Rubby de la Rosa,Diamondbacks,0,1,0,9,0,7.2,14.09,4.7,2.35,0.313,85.40%,35.30%,28.60%,4.7,4.98,3.22,-0.1,3862
Craig Breslow,- - -,1,1,0,37,0,35.1,5.86,3.57,1.02,0.319,70.00%,39.80%,8.50%,5.09,4.69,5.58,-0.1,4363
Kyle Lloyd,Padres,0,0,0,1,1,4,4.5,4.5,2.25,0.333,60.60%,31.30%,25.00%,9,6.91,5.44,-0.1,15378
Andrew Romine,Tigers,0,0,0,2,0,1,0,9,0,0.25,100.00%,25.00%,0.00%,0,9.16,10.94,-0.1,1159
Dan Altavilla,Mariners,1,1,0,41,0,46.2,10.03,3.86,1.74,0.281,72.00%,36.20%,14.80%,4.24,4.79,4.6,-0.1,16507
Jandel Gustave,Astros,0,0,0,6,0,5,3.6,12.6,0,0.313,66.70%,50.00%,0.00%,5.4,6.56,9.05,-0.1,14665
Randy Rosario,Twins,0,0,0,2,0,2.1,7.71,0,3.86,0.545,0.00%,66.70%,33.30%,30.86,8.3,5.02,-0.1,14508
Ian Kennedy,Royals,5,13,0,30,30,154,7.66,3.56,1.99,0.257,68.20%,36.00%,15.70%,5.38,5.61,5.25,-0.1,6986
Rob Brantly,White Sox,0,0,0,1,0,1,0,0,9,0,100.00%,50.00%,50.00%,9,16.16,6.72,-0.1,10655
Chih-Wei Hu,Rays,1,1,0,6,0,10,8.1,3.6,1.8,0.12,80.70%,37.00%,15.40%,2.7,5.16,4.87,-0.1,16419
Miguel Castro,Orioles,3,3,0,39,1,66.1,5.16,3.8,1.09,0.227,75.20%,49.30%,11.80%,3.53,4.94,5.19,-0.1,15684
Tyler White,Astros,0,0,0,1,0,1,0,0,9,0.25,0.00%,40.00%,33.30%,18,16.16,8.49,-0.1,15564
Leonys Martin,Cubs,0,0,0,1,0,0.2,0,0,13.5,0.5,62.50%,40.00%,50.00%,27,22.66,8.49,-0.1,11846
Andres Blanco,Phillies,0,0,0,1,0,0.1,0,0,27,0,100.00%,0.00%,50.00%,27,42.16,13.83,-0.1,1907
Rob Whalen,Mariners,0,1,0,2,1,7.1,2.45,2.45,1.23,0.25,62.50%,40.00%,11.10%,6.14,6.02,6.43,-0.1,14165
Glen Perkins,Twins,0,0,0,8,0,5.2,3.18,7.94,0,0.333,62.50%,37.50%,0.00%,9.53,6.69,10.14,-0.1,8041
Jean Machi,Mariners,1,0,0,5,0,7.2,4.7,4.7,1.17,0.273,93.80%,52.20%,11.10%,1.17,5.38,5.77,-0.1,3220
Dylan Floro,Cubs,0,0,0,3,0,9.2,5.59,1.86,1.86,0.382,72.40%,50.00%,18.20%,6.52,5.54,4.87,-0.1,13394
Keury Mella,Reds,0,0,0,2,0,4,2.25,4.5,2.25,0.267,71.40%,31.30%,50.00%,6.75,7.41,5.05,-0.1,15964
Luis Santos,Blue Jays,0,1,1,10,0,16.2,8.64,2.16,2.16,0.25,100.00%,33.30%,16.00%,2.7,5.08,4.63,-0.1,15006
Tyler Wilson,Orioles,2,2,0,9,1,15.1,5.28,2.35,1.76,0.358,57.00%,38.20%,17.60%,7.04,5.51,4.93,-0.1,12691
Victor Alcantara,Tigers,0,0,0,6,0,7.1,6.14,4.91,1.23,0.407,66.30%,53.60%,14.30%,8.59,6.02,5.95,-0.1,15028
Brock Stewart,Dodgers,0,0,1,17,4,34.1,7.6,4.98,1.05,0.255,70.80%,41.10%,10.50%,3.41,4.73,5.18,-0.1,16727
Jharel Cotton,Athletics,9,10,0,24,24,129,7.33,3.7,1.95,0.279,65.70%,37.00%,15.30%,5.58,5.68,5.38,-0.1,13654
Evan Marshall,Mariners,0,0,0,6,0,7.2,4.7,5.87,1.17,0.393,57.70%,34.50%,7.70%,9.39,5.77,7.09,-0.1,12297
Justin Marks,Rays,0,0,0,1,0,1.1,6.75,6.75,6.75,0.25,100.00%,40.00%,100.00%,6.75,13.66,5.24,-0.1,10265
Jonathan Broxton,Cardinals,0,1,0,20,0,15.2,9.19,6.32,1.15,0.429,70.50%,42.60%,14.30%,6.89,4.88,4.81,-0.1,4759
Seth Frankoff,Cubs,0,1,0,1,0,2,9,0,4.5,0.5,76.90%,42.90%,33.30%,9,7.66,3.83,-0.1,11346
Tim Melville,- - -,0,1,0,3,1,5.2,11.12,9.53,1.59,0.4,47.60%,37.50%,16.70%,11.12,6.69,6.28,-0.1,9149
Dan Jennings,- - -,3,1,0,77,0,62.2,7.32,4.45,1.15,0.256,78.60%,59.80%,21.10%,3.45,4.72,4.14,-0.1,8073
Henderson Alvarez,Phillies,0,1,0,3,3,14.2,3.68,6.75,1.23,0.25,81.10%,46.00%,11.80%,4.3,6.36,6.65,-0.1,5669
Carlos Ruiz,Mariners,0,0,0,1,0,1,9,18,9,0.333,100.00%,25.00%,33.30%,9,20.16,12.49,-0.1,2579
Jake Buchanan,Reds,0,0,0,5,0,14.1,2.51,4.4,0.63,0.371,64.40%,57.40%,7.70%,8.16,5.6,6.31,-0.1,10962
Scooter Gennett,Reds,0,0,0,1,0,1,0,9,9,0.25,76.90%,60.00%,50.00%,18,22.16,12.72,-0.1,10339
Adam Ottavino,Rockies,2,3,0,63,0,53.1,10.63,6.58,1.35,0.31,76.40%,37.20%,14.30%,5.06,5.16,5.08,-0.1,1247
Dovydas Neverauskas,Pirates,1,1,0,24,0,25.1,6.04,2.84,1.42,0.267,80.30%,42.90%,14.80%,3.91,4.93,4.78,-0.1,11604
Jake Thompson,Phillies,3,2,0,11,8,46.1,6.8,4.27,1.75,0.295,77.60%,46.30%,16.10%,3.88,5.92,5.54,-0.1,14371
Trevor Gott,Nationals,1,0,0,4,0,3,9,9,3,0.625,31.80%,35.30%,16.70%,30,8.49,7.72,-0.1,15046
Jhan Marinez,- - -,0,3,0,43,0,58.1,6.94,4.01,0.93,0.326,80.10%,50.60%,11.30%,3.7,4.65,4.93,-0.1,5830
Jeff Ferrell,Tigers,0,0,0,11,0,9.1,5.79,4.82,1.93,0.417,78.10%,31.60%,13.30%,6.75,6.26,6.34,-0.1,11506
Drew Rucinski,Twins,0,0,0,2,0,4.1,10.38,4.15,4.15,0.571,76.10%,56.30%,40.00%,10.38,8.23,4.29,-0.1,12499
Matt Wisler,Braves,0,1,0,20,1,32.1,6.12,3.62,1.39,0.342,52.90%,31.90%,9.10%,8.35,5.2,6.21,-0.1,12804
Kyle Martin,Red Sox,0,0,0,2,0,2.1,3.86,7.71,3.86,0.143,100.00%,62.50%,100.00%,3.86,10.44,5.63,-0.1,14860
Miguel Socolovich,Cardinals,0,1,1,15,0,18.2,6.75,1.93,1.93,0.365,47.50%,33.30%,13.30%,8.68,5.41,5.48,-0.1,6697
Kevin McGowan,Mets,0,0,0,8,0,8.2,8.31,6.23,2.08,0.25,80.40%,34.60%,13.30%,5.19,6.39,6.47,-0.1,15215
Sandy Alcantara,Cardinals,0,0,0,8,0,8.1,10.8,6.48,2.16,0.333,73.80%,26.10%,28.60%,4.32,6.04,4.41,-0.1,18684
Luke Gregerson,Astros,2,3,1,65,0,61,10.33,2.95,1.92,0.306,79.90%,50.00%,23.60%,4.57,4.62,3.45,-0.1,4090
Ronald Herrera,Yankees,0,1,0,2,0,3,9,3,3,0.25,83.30%,66.70%,50.00%,6,7.49,4.34,-0.1,15688
Ryan Garton,- - -,0,1,0,20,0,22,6.55,2.45,1.64,0.219,65.20%,41.80%,16.70%,4.91,4.88,4.46,-0.1,14016
Neil Ramirez,- - -,0,1,0,29,0,31.1,12.64,6.03,1.72,0.358,55.60%,31.00%,14.00%,7.18,4.94,4.9,-0.1,7677
Hunter Cervenka,Marlins,0,0,0,5,0,4.2,11.57,15.43,0,0.125,27.30%,42.90%,0.00%,15.43,7.01,8.16,-0.1,10510
Ben Taylor,Red Sox,0,1,1,14,0,17.1,9.35,4.67,1.56,0.34,76.60%,26.40%,11.50%,5.19,4.89,5.31,-0.1,18114
Jeremy Guthrie,Nationals,0,1,0,1,1,0.2,0,54,0,0.75,0.00%,25.00%,0.00%,135,21.16,29.16,-0.1,2072
Alejandro Chacin,Reds,0,0,0,6,0,6,9,6,3,0.45,65.60%,36.40%,20.00%,10.5,7.49,6.12,-0.1,13530
Nick Gardewine,Rangers,0,0,0,12,0,8,3.38,7.88,1.13,0.31,57.70%,46.70%,20.00%,5.63,6.66,6.14,-0.1,16513
Jace Fry,White Sox,0,0,0,11,0,6.2,4.05,6.75,1.35,0.407,57.70%,42.90%,14.30%,10.8,6.46,6.38,-0.1,16159
Jimmy Yacabonis,Orioles,2,0,0,14,0,20.2,3.48,6.1,0.87,0.242,75.30%,48.50%,7.70%,4.35,5.67,6.65,-0.1,15157
Drew Storen,Reds,4,2,1,58,0,54.2,7.9,3.79,1.15,0.316,72.30%,50.00%,13.20%,4.45,4.88,4.94,-0.1,6983
Deolis Guerra,Angels,2,2,0,19,0,25,7.92,4.32,1.44,0.239,72.00%,37.10%,10.80%,4.68,4.92,5.47,-0.1,8410
Gabriel Moya,Twins,0,0,1,7,0,6.1,7.11,2.84,2.84,0.176,95.20%,31.60%,20.00%,4.26,6.63,5.33,-0.1,16348
Tyson Ross,Rangers,3,3,0,12,10,49,6.61,6.8,1.29,0.303,58.00%,46.80%,13.00%,7.71,6.18,6.28,-0.1,7872
Yohander Mendez,Rangers,0,1,0,7,0,12.1,5.11,2.19,2.19,0.263,62.50%,34.10%,15.80%,5.11,6.16,5.74,-0.1,14391
Jake Petricka,White Sox,1,1,0,27,0,25.2,9.12,2.1,2.1,0.398,66.50%,47.20%,25.00%,7.01,4.99,3.61,-0.1,10534
Adam Conley,Marlins,8,8,0,22,20,102.2,6.31,3.68,1.67,0.295,65.50%,39.60%,13.90%,6.14,5.62,5.59,-0.1,14457
Jason Wheeler,Twins,0,0,0,2,0,3,0,12,3,0.385,58.10%,50.00%,33.30%,9,11.49,8.94,-0.1,13128
Luke Farrell,- - -,0,0,0,10,1,13,6.23,6.92,1.38,0.25,72.90%,35.00%,9.50%,5.54,6.08,6.95,-0.1,15101
Austin Bibens-Dirkx,Rangers,5,2,0,24,6,69.1,4.93,2.6,1.82,0.268,78.80%,39.90%,15.20%,4.67,5.68,5.42,-0.1,9559
Sam Moll,Athletics,0,0,0,11,0,6.2,9.45,4.05,2.7,0.478,60.60%,37.50%,20.00%,10.8,6.31,5.08,-0.1,14874
Chris Volstad,White Sox,1,2,0,6,2,19.1,4.66,2.33,1.86,0.214,67.10%,61.70%,25.00%,4.66,5.74,4.53,-0.1,9901
Steven Okert,Giants,1,1,0,44,0,27,7.33,3.67,1,0.266,59.20%,30.40%,7.90%,5.67,4.53,5.59,-0.1,13580
Sean Gilmartin,Mets,0,0,0,2,0,3.1,10.8,2.7,5.4,0.5,64.50%,46.20%,50.00%,13.5,9.46,3.79,-0.1,12781
Yacksel Rios,Phillies,1,0,0,13,0,16.1,9.37,4.96,2.2,0.256,87.00%,34.80%,18.20%,4.41,5.91,5.13,-0.1,15007
Ricardo Rodriguez,Rangers,0,1,1,16,0,13,7.62,2.77,2.08,0.341,73.00%,32.60%,18.80%,6.23,5.62,4.81,-0.1,15458
Luis Cessa,Yankees,0,3,0,10,5,36,7.5,4.25,1.75,0.282,75.80%,45.50%,17.50%,4.75,5.69,5.13,-0.1,13345
Edwin Jackson,- - -,5,6,0,16,13,76,7.11,3.43,2.37,0.287,71.30%,37.00%,17.70%,5.21,6.14,5.37,-0.1,1841
Cesar Valdez,- - -,1,1,0,11,4,30.2,6.16,3.23,2.05,0.34,55.60%,43.00%,21.20%,7.63,5.93,4.88,-0.1,9013
Shawn Armstrong,Indians,1,0,0,21,0,24.2,7.3,3.65,1.82,0.25,81.50%,39.00%,14.70%,4.38,5.51,5.33,-0.1,12857
Josh Lucas,Cardinals,0,0,0,5,0,7.1,8.59,4.91,2.45,0.278,97.80%,60.00%,40.00%,3.68,6.84,4.51,-0.1,11686
Christian Bethancourt,Padres,0,0,0,4,0,3.2,4.91,19.64,2.45,0.357,39.70%,40.00%,16.70%,14.73,12.16,11.52,-0.1,10028
Matt Strahm,Royals,2,5,0,24,3,34.2,9.61,5.71,1.56,0.279,70.80%,37.10%,15.40%,5.45,5.44,5.19,-0.1,13799
Tyler Webb,- - -,0,0,0,9,0,8,9,5.63,2.25,0.333,80.40%,43.50%,40.00%,5.63,6.28,4.14,-0.1,14974
Dietrich Enns,Twins,0,0,0,2,1,4,4.5,2.25,4.5,0.313,76.90%,38.90%,22.20%,6.75,9.41,6.91,-0.1,13932
Chris Rowley,Blue Jays,1,2,0,6,3,18.2,5.3,4.82,1.93,0.313,70.40%,39.40%,14.80%,6.75,6.37,6.16,-0.1,18820
Walker Buehler,Dodgers,1,0,0,8,0,9.1,11.57,7.71,1.93,0.409,67.90%,66.70%,50.00%,7.71,5.94,3.92,-0.1,19374
Kyle Ryan,Tigers,0,0,0,8,0,5.2,1.59,11.12,0,0.429,68.80%,52.40%,0.00%,7.94,6.51,7.77,-0.1,11753
Zac Reininger,Tigers,0,0,0,10,0,9.2,4.66,2.79,2.79,0.361,74.30%,38.50%,18.80%,7.45,7.09,6,-0.2,15285
Mike Mayers,Cardinals,0,0,0,3,0,4.2,5.79,7.71,3.86,0.375,43.50%,27.80%,22.20%,11.57,10.01,7.87,-0.2,15451
Daniel Gossett,Athletics,4,11,0,18,18,91.1,7.09,3.05,2.07,0.328,68.00%,43.10%,21.20%,6.11,5.59,4.53,-0.2,16164
Aaron Blair,Braves,0,1,0,1,1,3,9,15,3,0.4,58.10%,50.00%,25.00%,15,10.49,8.53,-0.2,14934
Simon Castro,Athletics,1,3,0,26,0,37,8.51,3.41,1.7,0.263,73.30%,32.70%,14.00%,4.38,5.02,4.97,-0.2,9243
Andres Machado,Royals,0,0,0,2,0,3.2,2.45,7.36,4.91,0.444,39.20%,50.00%,25.00%,22.09,12.16,8.95,-0.2,14681
Dan Runzler,Pirates,0,0,0,8,0,4,9,4.5,4.5,0.417,80.70%,38.50%,33.30%,4.5,9.16,5.33,-0.2,4080
Jeff Beliveau,Blue Jays,1,1,0,19,0,15.2,9.77,3.45,2.3,0.31,54.40%,40.00%,20.00%,7.47,5.65,4.6,-0.2,8504
James Shields,White Sox,5,7,0,21,21,117,7.92,4.08,2.08,0.27,74.50%,38.20%,17.40%,5.23,5.83,5.19,-0.2,7059
Zach Neal,Athletics,0,0,0,6,0,14.2,6.14,0.61,3.07,0.286,53.90%,40.70%,23.80%,7.98,6.43,4.55,-0.2,11294
Evan Scribner,Mariners,0,2,0,8,0,7.1,7.36,0,3.68,0.4,45.50%,33.30%,37.50%,11.05,6.84,3.46,-0.2,7525
Jose De Leon,Rays,1,0,0,1,0,2.2,6.75,10.13,3.38,0.333,71.40%,60.00%,33.30%,10.13,9.91,7.03,-0.2,15463
Wilmer Font,Dodgers,0,0,0,3,0,3.2,7.36,9.82,4.91,0.385,48.80%,26.70%,28.60%,17.18,11.88,8.19,-0.2,5257
Kevin Plawecki,Mets,0,0,0,2,0,3,0,0,9,0.182,100.00%,35.70%,37.50%,12,16.16,7.9,-0.2,13807
Jacob Rhame,Mets,1,1,0,9,0,9,7,7,2,0.345,61.70%,36.70%,15.40%,9,6.82,6.5,-0.2,15267
Alex Wimmers,Twins,0,0,0,6,0,7.1,8.59,9.82,2.45,0.286,90.90%,34.80%,16.70%,4.91,8.07,7.43,-0.2,11394
Chase De Jong,Mariners,0,3,0,7,4,28.1,4.13,4.13,1.59,0.277,64.90%,30.60%,10.60%,6.35,5.91,6.57,-0.2,15036
Joe Jimenez,Tigers,0,2,0,24,0,19,8.05,4.26,1.89,0.403,38.50%,34.30%,13.30%,12.32,5.84,5.91,-0.2,15761
Onelki Garcia,Royals,0,1,0,2,1,6,3,7.5,3,0.435,56.30%,56.00%,22.20%,13.5,9.32,7.66,-0.2,13674
Blaine Hardy,Tigers,1,0,0,35,0,33.1,7.56,3.51,1.89,0.361,71.10%,33.00%,13.70%,5.94,5.38,5.37,-0.2,6499
Christian Bergman,Mariners,4,5,0,13,8,54,5.5,2.5,2,0.293,77.20%,37.70%,16.90%,5,5.82,5.27,-0.2,10925
Michael Brady,Athletics,0,0,0,16,0,31.2,6.82,1.71,1.99,0.277,64.30%,33.70%,14.90%,5.68,5.56,5.32,-0.2,8461
Tony Sipp,Astros,0,1,0,46,0,37.1,9.4,3.86,1.93,0.277,67.00%,49.10%,20.00%,5.79,5.22,4.34,-0.2,8280
Johnny Barbato,Pirates,0,1,0,24,0,28.2,7.22,5.65,1.26,0.253,81.20%,37.90%,11.80%,4.08,5.46,5.76,-0.2,11440
Zach Eflin,Phillies,1,5,0,11,11,64.1,4.9,1.68,2.24,0.297,69.30%,44.10%,18.80%,6.16,6.1,5.21,-0.2,13774
Buddy Boshers,Twins,1,0,0,38,0,35,7.2,2.57,1.8,0.283,74.00%,45.50%,18.40%,4.89,5.19,4.52,-0.2,8490
Seth Maness,Royals,1,0,0,8,0,9.2,3.72,1.86,2.79,0.361,94.20%,51.30%,33.30%,3.72,6.99,4.61,-0.2,12235
John Gant,Cardinals,0,1,0,7,2,17.1,5.71,5.19,2.08,0.26,84.80%,53.70%,22.20%,4.67,6.79,5.64,-0.2,13684
J.P. Howell,Blue Jays,1,1,0,16,0,11,4.91,5.73,1.64,0.297,64.00%,57.90%,25.00%,7.36,6.34,5.27,-0.2,8245
Jordan Jankowski,Astros,1,0,0,3,0,4.1,10.38,4.15,6.23,0.333,62.50%,21.40%,33.30%,12.46,11.23,5.93,-0.2,13313
Joe Blanton,Nationals,2,4,0,51,0,44.1,7.92,2.64,2.03,0.326,71.70%,33.30%,15.90%,5.68,5.28,4.87,-0.2,4849
Dillon Overton,- - -,0,1,0,10,2,23,4.3,1.57,2.35,0.296,60.20%,40.70%,17.10%,6.65,6.24,5.56,-0.2,15627
Buddy Baumann,Padres,2,1,0,23,0,17.2,10.7,3.57,2.04,0.189,100.00%,34.10%,16.70%,2.55,5.42,4.89,-0.2,9309
Sam Gaviglio,- - -,4,5,0,16,13,74.1,5.93,3.15,1.94,0.274,77.50%,49.40%,21.30%,4.36,5.81,4.8,-0.2,12778
Tom Wilhelmsen,Diamondbacks,1,1,0,27,0,26.1,5.81,4.1,1.37,0.266,77.20%,49.40%,13.30%,4.44,5.32,5.37,-0.2,9975
Zach Duke,Cardinals,1,1,0,27,0,18.1,5.89,2.95,1.47,0.196,77.40%,50.90%,18.80%,3.93,5.28,4.71,-0.2,3840
Eric O'Flaherty,Braves,0,0,0,22,0,18.1,7.36,4.42,1.96,0.291,55.60%,47.40%,20.00%,7.85,5.83,4.93,-0.2,5746
Josh Ravin,Dodgers,0,1,1,14,0,16.2,10.26,4.86,2.16,0.211,61.00%,38.10%,21.10%,6.48,5.8,4.71,-0.2,2951
Erick Fedde,Nationals,0,1,0,3,3,15.1,8.8,4.7,2.93,0.426,66.70%,61.70%,50.00%,9.39,7.2,4.12,-0.2,17425
Logan Verrett,Orioles,2,0,0,4,0,10.2,7.59,2.53,2.53,0.267,84.80%,36.70%,20.00%,4.22,6.53,5.38,-0.2,12905
Hisashi Iwakuma,Mariners,0,2,0,6,6,31,4.65,3.48,2.03,0.22,80.10%,40.80%,16.70%,4.35,6.42,5.89,-0.2,13048
Brooks Pounders,Angels,1,0,0,11,0,10.1,10.45,4.35,3.48,0.406,63.20%,25.70%,23.50%,10.45,7.61,5.5,-0.2,10387
Braden Shipley,Diamondbacks,0,1,0,10,3,25,6.48,5.4,1.8,0.313,72.50%,42.50%,13.90%,5.76,6.24,6.2,-0.2,15158
Felix Pena,Cubs,1,0,0,25,0,34.1,9.7,4.72,2.1,0.3,77.60%,34.70%,16.00%,5.24,5.78,5.34,-0.2,13403
Michael Tonkin,Twins,0,1,0,16,0,21,10.29,5.14,2.57,0.296,75.20%,35.00%,23.10%,5.14,6.44,4.93,-0.2,10315
Tim Adleman,Reds,5,11,0,30,20,122.1,7.95,3.75,2.13,0.282,72.70%,34.40%,17.40%,5.52,5.87,5.22,-0.2,10968
John Axford,Athletics,0,1,0,22,0,21,9,7.29,1.29,0.364,71.80%,50.00%,17.60%,6.43,5.73,5.31,-0.3,9059
Angel Sanchez,Pirates,1,0,0,8,0,12.1,7.3,0.73,3.65,0.289,50.00%,41.90%,29.40%,8.76,7.05,4.23,-0.3,11776
Ian Krol,Braves,2,2,0,51,0,49,8.08,3.86,1.47,0.307,64.30%,41.30%,15.40%,5.33,5.01,4.78,-0.3,10066
Barrett Astin,Reds,0,0,0,6,0,8,2.25,7.88,2.25,0.25,79.00%,63.30%,33.30%,6.75,9.28,7.37,-0.3,14812
Josh Smoker,Mets,1,2,0,54,0,56.1,10.86,5.11,1.6,0.351,76.50%,42.90%,17.90%,5.11,4.92,4.38,-0.3,10285
Junichi Tazawa,Marlins,3,5,0,55,0,55.1,6.18,3.58,1.3,0.28,64.90%,35.60%,11.60%,5.69,4.96,5.3,-0.3,4079
Carlos Torres,Brewers,4,4,1,67,0,72.2,6.94,4.09,1.24,0.309,77.00%,45.70%,13.20%,4.21,4.89,4.96,-0.3,7624
Casey Lawrence,- - -,2,3,0,27,2,55.1,8.46,4.07,1.79,0.377,70.80%,46.50%,20.40%,6.34,5.27,4.42,-0.3,11121
Hector Santiago,Twins,4,8,0,15,14,70.1,6.53,3.97,1.92,0.263,72.90%,30.20%,13.20%,5.63,6.02,6.13,-0.3,4026
Nik Turley,Twins,0,2,0,10,3,17.2,6.62,4.08,2.55,0.41,54.60%,43.10%,22.70%,11.21,7.06,5.6,-0.3,5530
Rob Scahill,Brewers,1,3,0,18,0,22.1,4.03,4.03,1.21,0.254,67.10%,54.10%,15.00%,4.43,5.75,5.6,-0.3,9286
Michael Blazek,Brewers,0,1,0,5,1,8.2,7.27,1.04,6.23,0.261,87.00%,25.00%,40.00%,8.31,10.89,4.97,-0.3,9654
Myles Jaye,Tigers,1,2,0,5,2,12.2,2.84,7.11,1.42,0.308,46.10%,49.10%,15.40%,12.08,7.66,7.43,-0.3,11769
Justin Nicolino,Marlins,2,3,0,20,8,48,4.88,3.75,1.5,0.333,71.20%,46.60%,17.00%,5.06,5.55,5.13,-0.3,11754
Grant Dayton,Dodgers,1,1,0,29,0,23.2,7.61,4.56,1.9,0.215,75.00%,31.30%,13.50%,4.94,5.74,5.77,-0.3,11203
Edward Mujica,Tigers,0,0,0,5,0,6.1,9.95,0,5.68,0.368,74.10%,30.40%,44.40%,9.95,9.16,3.47,-0.3,3970
Erik Goeddel,Mets,0,1,0,33,0,29,10.24,3.41,2.48,0.286,79.10%,42.90%,25.00%,5.28,5.61,3.98,-0.3,11712
Jesen Therrien,Phillies,0,0,0,15,0,18.1,4.91,3.44,2.45,0.302,60.00%,48.50%,27.80%,8.35,6.92,5.12,-0.3,15853
Chad Bell,Tigers,0,3,0,28,4,62.1,8.23,4.48,1.73,0.363,67.20%,45.00%,17.40%,6.93,5.47,4.93,-0.3,10297
Cody Reed,Reds,1,1,1,12,1,17.2,8.66,9.68,1.53,0.2,73.60%,60.50%,27.30%,5.09,6.67,5.57,-0.3,15232
Paolo Espino,- - -,0,0,0,12,2,24,7.5,3.75,2.63,0.232,72.50%,38.40%,22.60%,6,6.91,5.41,-0.3,8246
Rookie Davis,Reds,1,3,0,7,6,24,7.5,5.25,2.63,0.383,64.80%,42.90%,22.60%,8.63,7.16,5.66,-0.3,14962
Michael Ynoa,White Sox,1,0,0,22,0,29,7.14,6.83,1.24,0.276,66.80%,35.20%,9.80%,5.9,6.16,6.88,-0.3,14093
Dustin McGowan,Marlins,8,2,0,63,0,77.2,7.42,3.13,1.51,0.286,72.90%,50.90%,18.60%,4.75,4.81,4.23,-0.3,8600
Felix Jorge,Twins,1,0,0,2,2,7.2,4.7,2.35,4.7,0.385,67.30%,26.70%,26.70%,10.57,9.68,6.38,-0.3,14532
Kevin Quackenbush,Padres,0,2,0,20,0,26.1,7.86,5.47,1.71,0.338,61.90%,44.60%,19.20%,7.86,5.82,5.1,-0.3,12360
Richard Rodriguez,Orioles,0,0,0,5,0,5.2,4.76,4.76,6.35,0.4,67.30%,45.80%,40.00%,14.29,13.39,7.36,-0.3,13549
Phil Maton,Padres,3,2,1,46,0,43,9.63,2.93,2.09,0.284,78.60%,45.30%,26.30%,4.19,5.09,3.64,-0.3,18064
Mike Hauschild,Rangers,0,0,0,4,0,8,7.88,2.25,5.63,0.375,70.00%,48.30%,55.60%,11.25,10.66,4.53,-0.3,14033
Raul Alcantara,Athletics,1,2,0,8,4,24,4.5,4.5,1.88,0.224,53.30%,48.80%,19.20%,7.13,6.74,5.96,-0.3,12790
Chris Heston,- - -,0,1,0,3,1,6,4.5,7.5,4.5,0.444,50.60%,33.30%,33.30%,16.5,11.16,7.33,-0.3,10302
Warwick Saupold,Tigers,3,2,0,45,0,62.2,6.32,4.45,1.29,0.289,73.50%,43.10%,12.50%,4.88,5.39,5.57,-0.3,13211
Jeremy Jeffress,- - -,5,2,0,61,1,65.1,7.03,4.68,1.38,0.318,77.90%,59.10%,20.80%,4.68,5.24,4.56,-0.3,9490
Chris Young,Royals,0,0,0,14,2,30,6.6,4.2,2.1,0.385,67.10%,40.50%,17.90%,7.5,6.22,5.5,-0.3,3196
Mat Latos,Blue Jays,0,1,0,3,3,15,6,4.8,3,0.304,81.00%,44.00%,23.80%,6.6,7.96,6.11,-0.3,3815
Matt Dermody,Blue Jays,2,0,0,23,0,22.1,6.04,2.01,2.42,0.254,78.70%,34.20%,16.70%,4.43,6.25,5.62,-0.3,14844
Jordan Lyles,- - -,1,5,0,38,5,69.2,7.11,2.84,2.07,0.352,61.20%,49.40%,21.10%,7.75,5.68,4.64,-0.3,7593
Troy Scribner,Angels,2,1,0,10,4,23.2,6.85,3.8,2.66,0.161,78.10%,24.60%,17.10%,4.18,7,6.24,-0.3,15570
Adam Kolarek,Rays,1,0,0,12,0,8.1,4.32,4.32,2.16,0.269,77.50%,55.60%,33.30%,6.48,8.2,6.36,-0.3,10843
Ariel Hernandez,Reds,0,0,0,19,0,24.1,10.73,8.14,2.22,0.157,79.70%,42.90%,25.00%,5.18,6.69,5.24,-0.4,15603
Ryne Stanek,Rays,0,0,0,21,0,20,13.05,5.4,2.7,0.417,84.50%,35.20%,26.10%,5.85,5.96,4.1,-0.4,15947
Brad Goldberg,White Sox,0,0,0,11,0,12,2.25,10.5,1.5,0.293,69.90%,48.80%,18.20%,8.25,8.82,8.29,-0.4,14776
Mike Bolsinger,Blue Jays,0,3,0,11,5,41.1,8.49,5.88,1.96,0.331,70.30%,48.80%,20.00%,6.31,6.28,5.38,-0.4,11137
Tommy Milone,- - -,1,3,1,17,8,48.1,7.08,2.61,2.79,0.325,62.10%,35.50%,22.40%,7.63,6.49,4.92,-0.4,7608
Hansel Robles,Mets,7,5,0,46,0,56.2,9.53,4.61,1.59,0.259,74.60%,34.00%,15.20%,4.92,5.13,4.91,-0.4,11801
Lisalverto Bonilla,Reds,1,3,0,10,4,36.2,6.87,5.4,1.96,0.304,60.20%,43.00%,20.00%,8.1,6.43,5.53,-0.4,11266
Joely Rodriguez,Phillies,1,2,0,26,0,27,6,5,1.33,0.355,59.50%,58.50%,18.20%,6.33,5.86,5.38,-0.4,11487
Robby Scott,Red Sox,2,1,0,57,0,35.2,7.82,3.28,1.77,0.172,78.00%,42.60%,17.90%,3.79,5.32,4.71,-0.4,13042
Justin Grimm,Cubs,1,2,1,50,0,55.1,9.6,4.39,1.95,0.263,70.50%,43.10%,22.20%,5.53,5.36,4.28,-0.4,11720
Cory Mazzoni,Padres,0,0,0,6,0,8,4.5,4.5,5.63,0.375,40.00%,37.80%,38.50%,13.5,12.16,6.92,-0.4,12537
Jacob Turner,Nationals,2,3,0,18,2,39,5.31,3.46,1.85,0.285,75.30%,43.40%,16.30%,5.08,5.88,5.44,-0.4,10185
Jason Motte,Braves,1,0,0,46,0,40.2,5.98,4.43,1.33,0.2,82.20%,45.20%,13.00%,3.54,5.44,5.54,-0.4,5861
Jake Barrett,Diamondbacks,1,1,0,28,0,27,8.67,5,2.33,0.274,74.50%,37.50%,20.60%,5,6.27,5.14,-0.4,13322
Jose Ramirez,Braves,2,3,0,68,0,62,8.13,4.21,1.31,0.226,79.80%,46.10%,12.90%,3.19,4.88,5,-0.4,10171
Ricardo Pinto,Phillies,1,2,0,25,0,29.2,7.58,5.16,2.12,0.33,61.40%,44.00%,20.00%,7.89,6.36,5.39,-0.4,16318
Josh Osich,Giants,3,2,0,54,0,43.1,8.93,5.61,1.45,0.333,66.50%,44.90%,16.30%,6.23,5.21,4.88,-0.4,11528
Tyler Glasnow,Pirates,2,7,0,15,13,62,8.13,6.39,1.89,0.358,60.70%,43.20%,18.10%,7.69,6.3,5.64,-0.4,14374
Drew VerHagen,Tigers,0,3,0,24,2,34.1,6.55,2.36,2.62,0.317,78.40%,50.50%,26.30%,5.77,6.27,4.46,-0.5,13424
Aaron Bummer,White Sox,1,3,0,30,0,22,6.95,6.14,1.64,0.167,76.90%,54.40%,22.20%,4.5,6.16,5.25,-0.5,16258
Vidal Nuno,Orioles,0,1,0,12,0,14.2,7.98,6.14,4.3,0.34,69.00%,41.50%,26.90%,10.43,9.63,6.58,-0.5,9674
Josh Collmenter,Braves,0,2,0,11,0,17,9.53,3.18,3.71,0.393,63.50%,32.80%,22.60%,9,7.45,5.34,-0.5,7312
Jeanmar Gomez,Phillies,3,2,2,18,0,22.1,8.46,2.82,2.82,0.381,69.50%,50.70%,41.20%,7.25,6.56,3.84,-0.5,9033
Nick Tepesch,- - -,1,2,0,4,4,15.2,5.17,5.17,3.45,0.302,74.20%,36.80%,23.10%,5.17,9.29,7.26,-0.5,11716
Jose Valdez,- - -,0,0,0,14,0,18,8.5,2.5,4,0.271,59.50%,32.70%,29.60%,8.5,8.21,5.1,-0.5,14470
Adam Wilk,- - -,0,2,0,4,2,14,5.14,5.79,3.86,0.353,73.20%,38.90%,25.00%,9,9.51,6.99,-0.5,8421
Steven Wright,Red Sox,1,3,0,5,5,24,4.88,1.88,3.38,0.365,66.90%,41.50%,27.30%,8.25,7.82,5.4,-0.5,8185
Casey Fien,- - -,0,1,0,10,0,12,7.5,4.5,3.75,0.439,54.60%,44.40%,35.70%,12.75,8.41,5.07,-0.5,3926
Antonio Bastardo,Pirates,0,1,0,9,0,9,8,9,5,0.367,55.60%,17.10%,23.80%,15,11.6,8.53,-0.5,8844
Jason Grilli,- - -,2,5,1,46,0,40,10.8,4.05,2.7,0.324,72.60%,26.70%,22.20%,6.3,6.08,4.58,-0.6,521
Brian Ellington,Marlins,1,1,0,42,0,44.2,9.67,7.05,1.41,0.333,63.10%,35.40%,11.70%,7.25,5.8,6.15,-0.6,17233
Travis Wood,- - -,4,7,0,39,14,94,6.22,4.31,1.82,0.325,63.60%,35.60%,14.00%,6.8,5.9,5.85,-0.6,9884
Tom Koehler,- - -,1,7,0,27,13,72.2,7.68,4.33,1.98,0.313,68.20%,40.20%,18.80%,6.69,6.05,5.27,-0.6,6570
Neftali Feliz,- - -,2,5,8,49,0,46,7.24,4.5,1.76,0.246,60.30%,32.60%,15.00%,5.48,5.66,5.43,-0.7,18
Junior Guerra,Brewers,1,4,0,21,14,70.1,8.57,5.5,2.3,0.236,77.30%,33.50%,20.90%,5.12,6.58,5.43,-0.7,5702
Bronson Arroyo,Reds,3,6,0,14,14,71,5.7,2.41,2.92,0.305,67.60%,30.40%,19.00%,7.35,6.99,5.81,-0.7,978
Francisco Rodriguez,Tigers,2,5,7,28,0,25.1,8.17,3.91,3.2,0.297,65.80%,30.10%,21.40%,7.82,7.38,5.71,-0.7,1642
Miguel Diaz,Padres,1,1,0,31,3,41.2,7.13,5.4,2.38,0.275,65.40%,40.30%,20.40%,7.34,7.02,5.89,-0.7,18815
Frankie Montas,Athletics,1,1,0,23,0,32,10.13,5.63,2.81,0.349,77.10%,35.50%,26.30%,7.03,7.13,5.18,-0.7,14309
Andrew Heaney,Angels,1,2,0,5,5,21.2,11.22,3.74,4.98,0.283,99.00%,30.20%,40.00%,7.06,9.11,4.37,-0.7,15423
David Holmberg,White Sox,2,4,0,37,7,57.2,5.15,5.31,1.87,0.273,76.60%,42.90%,15.20%,4.68,6.8,6.53,-0.8,7725
Chris Flexen,Mets,3,6,0,14,9,48,6.75,6.56,2.06,0.342,65.80%,41.40%,18.60%,7.88,6.95,6.16,-0.8,13896
Sam Dyson,- - -,4,10,14,55,0,54.2,5.6,4.94,1.32,0.319,66.40%,63.00%,21.10%,6.09,5.63,4.96,-0.8,11710
Chris Smith,Athletics,0,4,0,14,9,55.2,5.01,3.56,2.59,0.244,62.70%,36.90%,19.00%,6.79,7.02,5.97,-0.9,4544
Matt Harvey,Mets,5,7,0,19,18,92.2,6.51,4.56,2.04,0.307,69.60%,43.00%,20.60%,6.7,6.37,5.39,-0.9,11713
Xavier Cedeno,Rays,1,1,0,9,0,3,0,12,9,0.286,88.20%,56.30%,100.00%,12,20.16,8.94,-0.9,36
Chris Tillman,Orioles,1,7,0,24,19,93,6.1,4.94,2.32,0.334,64.20%,39.50%,20.00%,7.84,6.93,5.87,-0.9,5279
Derek Holland,White Sox,7,14,0,29,26,135,6.93,5,2.07,0.306,68.00%,37.70%,17.60%,6.2,6.45,5.78,-0.9,4141
Mike Pelfrey,White Sox,3,12,0,34,21,120,5.93,4.65,1.88,0.276,68.30%,50.30%,18.70%,5.93,6.35,5.63,-1,5203
Jered Weaver,Padres,0,5,0,9,9,42.1,4.89,2.55,3.4,0.257,58.30%,40.70%,28.60%,7.44,8.12,5.56,-1,4235
Amir Garrett,Reds,3,8,0,16,14,70.2,8.02,5.09,2.93,0.264,66.80%,43.40%,28.40%,7.39,7.39,5.2,-1.1,14375
Shawn Kelley,Nationals,3,2,4,33,0,26,8.65,3.81,4.15,0.236,82.60%,26.20%,24.00%,7.27,8.62,6.04,-1.1,7773
Dylan Covey,White Sox,0,7,0,18,12,70,5.27,4.37,2.57,0.296,64.40%,48.50%,24.70%,7.71,7.2,5.54,-1.1,14825
Chris Beck,White Sox,2,1,0,57,0,64.2,5.85,4.73,2.23,0.288,71.10%,40.40%,19.50%,6.4,6.84,5.88,-1.2,13418
